step,episode,episode_return,episode_wue,episode_fair_std,episode_worst_outage_h,loss,epsilon,eval_return
168,1,-101.8299,183626.08,0.03521,85.25,0.363123,0.9973,
336,2,-78.4575,170408.43,0.02050,86.25,0.179388,0.9947,
504,3,-83.5973,186000.94,0.02380,90.00,0.114228,0.9920,
672,4,-107.5505,187101.22,0.02596,88.50,0.083817,0.9894,
840,5,-82.6862,188730.80,0.00807,89.50,0.073298,0.9867,
1008,6,-101.0074,202629.00,0.01555,89.50,0.085852,0.9840,
1176,7,-103.0809,203026.80,0.01594,90.25,0.048326,0.9814,
1344,8,-97.1464,190089.14,0.01238,83.75,0.082087,0.9787,
1512,9,-84.0199,181686.77,0.02495,90.75,0.036550,0.9761,
1680,10,-81.2660,177714.35,0.03113,88.25,0.027288,0.9734,
1848,11,-91.3466,192263.87,0.02621,91.25,0.048332,0.9707,
2016,12,-80.0603,176400.49,0.01149,86.75,0.054833,0.9681,
2184,13,-80.3809,175309.30,0.02106,87.25,0.029969,0.9654,
2352,14,-93.3397,192019.36,0.03114,90.50,0.033083,0.9628,
2520,15,-85.2419,181336.04,0.02820,91.50,0.013505,0.9601,
2688,16,-94.5593,195215.13,0.02352,90.50,0.077215,0.9574,
2856,17,-76.6030,167732.11,0.06539,98.25,0.054967,0.9548,
3024,18,-78.7448,169102.53,0.03135,89.25,0.047221,0.9521,
3192,19,-79.6832,167338.35,0.01918,84.25,0.048250,0.9495,
3360,20,-78.1125,168505.81,0.01986,84.00,0.089665,0.9468,
3528,21,-81.8964,178078.80,0.02613,89.00,0.050485,0.9441,
3696,22,-79.4674,174660.55,0.02131,89.00,0.023324,0.9415,
3864,23,-79.9856,173695.67,0.02685,88.00,0.014681,0.9388,
4032,24,-85.0672,178074.46,0.01831,88.25,0.046563,0.9362,
4200,25,-94.9415,192318.21,0.01559,84.75,0.039533,0.9335,
4368,26,-78.5319,167797.05,0.01545,83.25,0.032006,0.9308,
4536,27,-76.2132,167470.90,0.04134,94.00,0.043925,0.9282,
4704,28,-99.4358,193564.62,0.02592,88.00,0.045279,0.9255,
4872,29,-77.2196,168117.25,0.01076,81.25,0.032748,0.9229,
5000,29,,,,,,,-71.9961
5040,30,-97.8025,191524.17,0.01847,86.50,0.021697,0.9202,
5208,31,-97.1235,195383.56,0.03367,96.00,0.022638,0.9175,
5376,32,-78.5590,175312.58,0.01630,87.75,0.022548,0.9149,
5544,33,-83.3345,167914.17,0.04151,94.75,0.029763,0.9122,
5712,34,-76.9231,162856.98,0.02293,83.50,0.028791,0.9096,
5880,35,-75.3052,160822.80,0.03168,84.00,0.017320,0.9069,
6048,36,-95.5663,179203.29,0.03566,86.25,0.028345,0.9042,
6216,37,-75.3976,157677.40,0.02094,80.25,0.024519,0.9016,
6384,38,-95.8539,173573.62,0.03021,81.75,0.023965,0.8989,
6552,39,-80.5136,165894.56,0.02777,86.00,0.026153,0.8963,
6720,40,-89.5111,184305.20,0.01672,83.50,0.019931,0.8936,
6888,41,-77.7557,170285.21,0.01753,84.50,0.020438,0.8909,
7056,42,-76.7209,167116.86,0.02522,84.50,0.026225,0.8883,
7224,43,-79.4834,166783.99,0.03449,89.00,0.032272,0.8856,
7392,44,-76.2725,164211.66,0.01323,79.75,0.021184,0.8830,
7560,45,-99.9233,193668.98,0.01848,85.75,0.038574,0.8803,
7728,46,-77.0193,171532.94,0.02236,86.00,0.015031,0.8776,
7896,47,-76.2454,166117.66,0.01653,82.25,0.039720,0.8750,
8064,48,-80.2497,160017.73,0.02182,82.50,0.021859,0.8723,
8232,49,-76.4082,164392.94,0.03203,89.00,0.017847,0.8697,
8400,50,-75.6086,156480.64,0.03911,83.50,0.022314,0.8670,
8568,51,-74.9468,159897.91,0.04775,86.50,0.028945,0.8643,
8736,52,-100.5455,182773.90,0.04767,93.25,0.023085,0.8617,
8904,53,-96.8460,189327.95,0.02064,85.75,0.035404,0.8590,
9072,54,-73.3656,163433.36,0.00806,78.50,0.032078,0.8564,
9240,55,-75.4416,164791.74,0.02482,86.75,0.031647,0.8537,
9408,56,-99.9820,187715.23,0.02473,87.25,0.024323,0.8510,
9576,57,-75.1205,158435.19,0.03552,87.25,0.027028,0.8484,
9744,58,-99.7608,186429.26,0.03555,90.25,0.042436,0.8457,
9912,59,-74.5674,161341.61,0.01809,78.25,0.029033,0.8431,
10000,59,,,,,,,-64.7806
10080,60,-70.5500,151493.82,0.02512,78.25,0.036293,0.8404,
10248,61,-74.1987,152231.33,0.03250,81.75,0.026300,0.8377,
10416,62,-71.7496,150743.60,0.03649,82.00,0.031204,0.8351,
10584,63,-75.1589,164853.68,0.03278,86.25,0.042011,0.8324,
10752,64,-75.2012,159192.54,0.02365,81.50,0.049116,0.8298,
10920,65,-74.2093,157442.04,0.04032,84.50,0.035757,0.8271,
11088,66,-96.8864,189076.88,0.02314,86.50,0.055428,0.8244,
11256,67,-98.9295,197511.49,0.01957,89.00,0.037671,0.8218,
11424,68,-74.7232,162115.30,0.03158,86.50,0.031894,0.8191,
11592,69,-72.7981,155959.18,0.03611,83.50,0.033177,0.8165,
11760,70,-71.7371,153413.07,0.02819,79.75,0.030065,0.8138,
11928,71,-83.4912,157292.14,0.03923,86.25,0.038921,0.8111,
12096,72,-80.0144,160743.67,0.03945,89.50,0.025275,0.8085,
12264,73,-97.0277,187160.88,0.02075,84.50,0.039003,0.8058,
12432,74,-70.9074,155449.29,0.02829,83.25,0.046388,0.8032,
12600,75,-77.2516,155061.09,0.02402,82.00,0.039713,0.8005,
12768,76,-91.9257,181134.49,0.05589,95.00,0.033556,0.7978,
12936,77,-75.6317,159582.18,0.02154,82.75,0.045614,0.7952,
13104,78,-73.2924,159755.90,0.01725,80.00,0.030009,0.7925,
13272,79,-71.7122,147948.00,0.03934,80.75,0.038251,0.7899,
13440,80,-73.8254,158183.53,0.04290,84.00,0.036002,0.7872,
13608,81,-77.7124,158358.78,0.06162,90.75,0.038678,0.7845,
13776,82,-95.0008,179449.85,0.04414,88.00,0.046210,0.7819,
13944,83,-78.0091,158256.09,0.03552,82.75,0.042652,0.7792,
14112,84,-74.0353,161099.96,0.02669,84.25,0.028187,0.7766,
14280,85,-70.2787,148934.88,0.04031,81.50,0.035525,0.7739,
14448,86,-70.7767,145244.72,0.04881,81.50,0.040052,0.7712,
14616,87,-75.2576,157766.90,0.02771,80.25,0.037459,0.7686,
14784,88,-69.0085,139569.12,0.07786,92.75,0.036509,0.7659,
14952,89,-74.5118,159499.15,0.03656,84.25,0.032417,0.7633,
15000,89,,,,,,,-72.3250
15120,90,-72.9426,151042.36,0.02823,79.75,0.043953,0.7606,
15288,91,-78.1229,144401.48,0.04677,84.75,0.030489,0.7579,
15456,92,-72.3406,145152.36,0.03945,82.25,0.046673,0.7553,
15624,93,-72.3547,150242.62,0.04862,83.00,0.022428,0.7526,
15792,94,-70.8793,146426.09,0.04944,81.50,0.021509,0.7500,
15960,95,-94.3783,183512.42,0.03699,86.50,0.038202,0.7473,
16128,96,-69.2259,147865.26,0.02850,79.00,0.031081,0.7446,
16296,97,-70.6226,146238.95,0.02005,74.00,0.053275,0.7420,
16464,98,-71.0909,152421.91,0.03603,84.00,0.045999,0.7393,
16632,99,-74.3906,142035.55,0.04678,82.50,0.032006,0.7367,
16800,100,-69.8424,139160.95,0.06779,88.50,0.053623,0.7340,
16968,101,-93.5763,182653.82,0.03228,84.00,0.024831,0.7313,
17136,102,-92.1171,179836.26,0.02457,81.75,0.031339,0.7287,
17304,103,-72.4010,152158.50,0.04400,85.50,0.054690,0.7260,
17472,104,-71.1134,139041.15,0.05941,87.25,0.052999,0.7234,
17640,105,-78.0748,153079.43,0.04163,86.75,0.036831,0.7207,
17808,106,-97.7321,174247.69,0.02691,81.25,0.035235,0.7180,
17976,107,-92.4469,173550.00,0.04336,83.75,0.034955,0.7154,
18144,108,-71.8450,145993.86,0.04744,82.50,0.042525,0.7127,
18312,109,-70.7515,137742.07,0.03969,78.00,0.024194,0.7101,
18480,110,-72.3727,148636.83,0.01666,74.00,0.031651,0.7074,
18648,111,-72.3997,154936.84,0.04764,90.00,0.031409,0.7047,
18816,112,-69.7464,137787.00,0.03262,75.75,0.049575,0.7021,
18984,113,-71.0269,147092.54,0.03766,81.75,0.042891,0.6994,
19152,114,-91.3017,184545.07,0.04322,92.50,0.033874,0.6968,
19320,115,-92.7896,186044.57,0.03065,86.25,0.036605,0.6941,
19488,116,-95.6446,183768.02,0.04968,93.75,0.027988,0.6914,
19656,117,-69.1569,141346.90,0.02570,73.50,0.053056,0.6888,
19824,118,-77.8334,143898.76,0.02800,75.25,0.067684,0.6861,
19992,119,-92.4447,175423.82,0.04326,83.00,0.055657,0.6835,
20000,119,,,,,,,-80.2453
20160,120,-95.1801,177113.76,0.03400,79.50,0.044863,0.6808,
20328,121,-66.6210,139312.92,0.02074,71.00,0.032631,0.6781,
20496,122,-70.0011,139098.91,0.04146,78.75,0.065501,0.6755,
20664,123,-72.3948,146952.91,0.01367,70.75,0.045720,0.6728,
20832,124,-66.0927,134262.95,0.03440,75.75,0.040182,0.6702,
21000,125,-93.9505,175222.92,0.03632,87.25,0.043933,0.6675,
21168,126,-68.7159,140983.85,0.03605,79.25,0.041347,0.6648,
21336,127,-67.4714,132849.91,0.03053,73.50,0.044545,0.6622,
21504,128,-74.6592,154836.58,0.06169,85.75,0.053003,0.6595,
21672,129,-67.1998,138401.92,0.03945,76.00,0.042597,0.6569,
21840,130,-70.1000,141248.40,0.05768,87.25,0.055972,0.6542,
22008,131,-69.0522,137472.90,0.03324,73.00,0.037630,0.6515,
22176,132,-69.1280,131046.53,0.03558,70.00,0.042173,0.6489,
22344,133,-67.4773,133958.54,0.05231,75.50,0.057573,0.6462,
22512,134,-66.5124,133729.74,0.02686,69.50,0.045619,0.6436,
22680,135,-73.8400,145735.37,0.03755,80.00,0.039639,0.6409,
22848,136,-66.0961,134898.13,0.02547,70.00,0.043291,0.6382,
23016,137,-69.3294,138184.53,0.02013,71.25,0.031969,0.6356,
23184,138,-91.3372,163666.21,0.03976,79.50,0.049118,0.6329,
23352,139,-75.4412,146391.21,0.05031,82.75,0.042102,0.6303,
23520,140,-65.5479,136658.55,0.05400,76.75,0.030061,0.6276,
23688,141,-68.2335,132847.43,0.03742,71.50,0.046773,0.6249,
23856,142,-92.2674,167401.35,0.02262,79.25,0.038606,0.6223,
24024,143,-65.4515,132353.71,0.05968,79.25,0.040922,0.6196,
24192,144,-69.4243,135225.79,0.05029,76.75,0.049143,0.6170,
24360,145,-87.2792,174878.57,0.03564,82.75,0.033506,0.6143,
24528,146,-69.0068,131852.98,0.04733,74.75,0.046232,0.6116,
24696,147,-68.2752,130964.96,0.07533,85.50,0.032355,0.6090,
24864,148,-71.5046,140001.89,0.05135,84.00,0.045233,0.6063,
25000,148,,,,,,,-65.1889
25032,149,-63.9541,130933.42,0.04692,76.25,0.034316,0.6037,
25200,150,-88.7261,167614.12,0.05007,88.00,0.047929,0.6010,
25368,151,-64.3589,130114.96,0.03590,73.50,0.044626,0.5983,
25536,152,-65.1081,134033.04,0.02356,69.50,0.036125,0.5957,
25704,153,-88.2237,179528.59,0.04497,85.25,0.047544,0.5930,
25872,154,-66.2083,134984.22,0.04445,74.50,0.032438,0.5904,
26040,155,-66.7523,134888.00,0.03630,75.50,0.044611,0.5877,
26208,156,-92.4429,172447.16,0.03744,86.25,0.041964,0.5850,
26376,157,-63.5386,123632.65,0.05009,70.50,0.055183,0.5824,
26544,158,-65.8352,131535.98,0.02143,68.00,0.038318,0.5797,
26712,159,-89.8281,175376.95,0.05212,89.75,0.048454,0.5771,
26880,160,-66.1064,125964.03,0.03503,71.50,0.045663,0.5744,
27048,161,-76.8080,128111.07,0.05532,76.00,0.047329,0.5717,
27216,162,-63.4476,132727.70,0.04109,76.25,0.044072,0.5691,
27384,163,-63.6851,132986.22,0.02551,70.00,0.052418,0.5664,
27552,164,-64.7684,126297.71,0.03468,67.75,0.038723,0.5638,
27720,165,-66.1529,136518.72,0.05074,78.50,0.039380,0.5611,
27888,166,-93.7064,190474.87,0.01677,81.75,0.046682,0.5584,
28056,167,-71.0883,136019.29,0.03493,74.00,0.035964,0.5558,
28224,168,-60.8796,122018.14,0.05440,70.75,0.038481,0.5531,
28392,169,-64.7689,124875.22,0.04374,70.00,0.074601,0.5505,
28560,170,-87.6756,169791.12,0.03163,79.50,0.046272,0.5478,
28728,171,-91.7487,171821.85,0.05163,90.25,0.042429,0.5451,
28896,172,-78.9433,130721.51,0.06047,78.00,0.046652,0.5425,
29064,173,-92.0316,160000.68,0.07206,90.00,0.036955,0.5398,
29232,174,-79.1953,131640.66,0.04524,72.25,0.040144,0.5372,
29400,175,-89.0235,176670.37,0.02409,80.25,0.063790,0.5345,
29568,176,-62.3744,119138.53,0.07529,75.75,0.039652,0.5318,
29736,177,-62.7710,123866.14,0.02420,65.25,0.044281,0.5292,
29904,178,-83.1895,168282.85,0.03672,82.50,0.047404,0.5265,
30000,178,,,,,,,-64.5214
30072,179,-61.2970,119057.01,0.05457,72.25,0.046859,0.5239,
30240,180,-64.1796,123869.19,0.05175,72.50,0.044553,0.5212,
30408,181,-66.6887,128787.20,0.06079,82.75,0.032090,0.5185,
30576,182,-63.1987,126972.54,0.05901,78.75,0.042736,0.5159,
30744,183,-61.3177,116979.73,0.07898,82.25,0.036285,0.5132,
30912,184,-68.6180,137849.38,0.03411,73.25,0.060153,0.5106,
31080,185,-74.9219,128781.42,0.06004,81.50,0.042685,0.5079,
31248,186,-66.8302,131594.12,0.02093,68.25,0.073094,0.5052,
31416,187,-65.9355,114809.34,0.08253,81.75,0.047654,0.5026,
31584,188,-62.2868,115105.76,0.06108,72.75,0.036190,0.4999,
31752,189,-62.5997,118465.81,0.04937,69.50,0.038140,0.4973,
31920,190,-69.1895,133364.28,0.03622,70.00,0.058976,0.4946,
32088,191,-63.0254,113526.43,0.07047,74.75,0.044257,0.4919,
32256,192,-97.1556,165783.34,0.05836,89.00,0.038492,0.4893,
32424,193,-64.2363,128045.07,0.06613,81.75,0.044000,0.4866,
32592,194,-63.7493,124887.73,0.06822,80.25,0.055021,0.4840,
32760,195,-66.3044,127646.22,0.04661,70.25,0.054674,0.4813,
32928,196,-63.3289,121276.52,0.05617,75.50,0.043119,0.4786,
33096,197,-59.5492,119301.17,0.07553,80.50,0.050317,0.4760,
33264,198,-61.4062,123966.44,0.05230,73.00,0.040586,0.4733,
33432,199,-68.5056,129562.61,0.07200,79.00,0.060497,0.4707,
33600,200,-59.2359,116486.08,0.05305,68.00,0.062743,0.4680,
33768,201,-59.0178,112725.22,0.06078,70.25,0.038214,0.4653,
33936,202,-69.8538,126848.43,0.09845,87.25,0.042046,0.4627,
34104,203,-84.1985,172457.10,0.06197,95.25,0.033931,0.4600,
34272,204,-90.4978,164952.99,0.02182,74.25,0.051953,0.4574,
34440,205,-60.6803,115139.75,0.06119,70.50,0.051001,0.4547,
34608,206,-62.0492,117335.58,0.04797,69.75,0.057471,0.4520,
34776,207,-61.1577,124430.86,0.05025,69.50,0.051434,0.4494,
34944,208,-60.1426,116452.72,0.06066,70.75,0.034641,0.4467,
35000,208,,,,,,,-58.9121
35112,209,-62.6049,122425.64,0.04982,72.50,0.058202,0.4441,
35280,210,-87.9059,175519.26,0.02240,80.50,0.082865,0.4414,
35448,211,-70.2681,117529.97,0.04793,67.25,0.046072,0.4387,
35616,212,-62.3355,111520.34,0.06084,70.75,0.028894,0.4361,
35784,213,-59.4643,114917.09,0.07046,75.00,0.035431,0.4334,
35952,214,-76.3051,118014.09,0.04586,67.75,0.046735,0.4308,
36120,215,-59.3863,116186.38,0.05191,70.25,0.051477,0.4281,
36288,216,-62.5196,121437.39,0.06628,75.75,0.037093,0.4254,
36456,217,-56.7672,110388.59,0.07995,78.50,0.068959,0.4228,
36624,218,-71.6585,132222.17,0.05990,81.50,0.053190,0.4201,
36792,219,-88.9606,171019.78,0.02409,77.75,0.044876,0.4175,
36960,220,-60.7568,116736.77,0.04689,69.50,0.029681,0.4148,
37128,221,-62.0063,110790.13,0.07053,75.50,0.048461,0.4121,
37296,222,-67.3440,127595.09,0.07800,81.25,0.042773,0.4095,
37464,223,-89.4109,160130.16,0.02722,77.50,0.050855,0.4068,
37632,224,-58.9232,110127.20,0.05386,68.25,0.072922,0.4042,
37800,225,-63.8807,117956.68,0.06176,72.50,0.040513,0.4015,
37968,226,-61.9383,113527.71,0.09693,85.75,0.030764,0.3988,
38136,227,-59.9638,121992.03,0.06798,77.25,0.051081,0.3962,
38304,228,-85.6703,165650.85,0.08786,94.25,0.049767,0.3935,
38472,229,-56.9228,110502.95,0.07157,71.75,0.056529,0.3909,
38640,230,-85.2916,165770.25,0.05228,85.25,0.050700,0.3882,
38808,231,-90.3092,158651.98,0.04287,78.75,0.051523,0.3855,
38976,232,-87.1457,147708.78,0.05532,81.25,0.064216,0.3829,
39144,233,-61.0521,105920.40,0.05572,64.50,0.038213,0.3802,
39312,234,-70.6578,128121.96,0.04385,73.00,0.057231,0.3776,
39480,235,-57.1409,103187.59,0.08389,68.00,0.060703,0.3749,
39648,236,-87.3924,147294.56,0.04530,74.00,0.038777,0.3722,
39816,237,-57.0168,110132.92,0.07661,73.75,0.054214,0.3696,
39984,238,-56.4441,110204.75,0.09354,84.25,0.044930,0.3669,
40000,238,,,,,,,-59.6312
40152,239,-56.0323,104779.99,0.04988,60.00,0.042270,0.3643,
40320,240,-57.7603,107687.62,0.08488,76.75,0.043358,0.3616,
40488,241,-58.6755,111715.61,0.09093,76.50,0.037691,0.3589,
40656,242,-86.0128,167667.60,0.07903,99.75,0.050937,0.3563,
40824,243,-73.6556,125918.09,0.03825,67.25,0.046404,0.3536,
40992,244,-59.9191,116576.54,0.06620,77.75,0.052477,0.3510,
41160,245,-56.3090,107153.01,0.04321,64.50,0.045273,0.3483,
41328,246,-92.6690,162413.97,0.02828,76.50,0.052978,0.3456,
41496,247,-72.4105,112346.30,0.07148,77.75,0.044411,0.3430,
41664,248,-55.5237,108764.26,0.04615,62.75,0.044644,0.3403,
41832,249,-55.3021,105962.73,0.03503,59.00,0.062934,0.3377,
42000,250,-81.8649,171846.40,0.05764,89.00,0.039379,0.3350,
42168,251,-87.8077,170024.72,0.04671,88.25,0.050774,0.3323,
42336,252,-82.6228,151301.80,0.05800,81.75,0.049056,0.3297,
42504,253,-87.1857,156357.88,0.07320,89.25,0.044360,0.3270,
42672,254,-72.5814,107099.37,0.08365,74.25,0.055293,0.3244,
42840,255,-85.7381,169575.57,0.05615,87.25,0.040281,0.3217,
43008,256,-69.1343,123436.00,0.06068,74.25,0.055968,0.3190,
43176,257,-56.8980,110408.61,0.06770,68.25,0.057642,0.3164,
43344,258,-57.1607,96418.11,0.04064,58.75,0.048030,0.3137,
43512,259,-87.0198,178129.72,0.06865,97.25,0.049421,0.3111,
43680,260,-67.6485,126634.57,0.08579,88.50,0.054634,0.3084,
43848,261,-56.5187,97632.74,0.07454,69.25,0.051336,0.3057,
44016,262,-58.3864,109720.74,0.07273,76.25,0.050658,0.3031,
44184,263,-59.1901,104405.32,0.07781,75.00,0.043576,0.3004,
44352,264,-55.0583,94085.39,0.05838,61.75,0.044404,0.2978,
44520,265,-55.6445,106999.56,0.04943,65.25,0.054719,0.2951,
44688,266,-81.2634,158512.18,0.03169,77.75,0.050009,0.2924,
44856,267,-54.7921,102281.42,0.06740,68.50,0.059461,0.2898,
45000,267,,,,,,,-64.1693
45024,268,-53.2489,103036.65,0.06225,69.25,0.045227,0.2871,
45192,269,-86.4006,174110.87,0.07967,99.75,0.074460,0.2845,
45360,270,-58.1478,117143.01,0.09512,82.75,0.051143,0.2818,
45528,271,-88.4109,158809.15,0.06028,88.00,0.050444,0.2791,
45696,272,-58.3192,99208.09,0.07126,65.00,0.032229,0.2765,
45864,273,-55.2517,93105.31,0.08192,64.75,0.056453,0.2738,
46032,274,-53.2991,107274.86,0.05784,61.50,0.069175,0.2712,
46200,275,-83.1753,153945.70,0.05939,84.25,0.043517,0.2685,
46368,276,-68.8101,129947.69,0.08823,94.00,0.046447,0.2658,
46536,277,-82.0431,155338.60,0.05071,81.75,0.053192,0.2632,
46704,278,-67.5247,113922.50,0.05885,71.25,0.043116,0.2605,
46872,279,-56.1672,107274.81,0.06464,69.75,0.039917,0.2579,
47040,280,-53.6076,101238.10,0.06902,63.75,0.059871,0.2552,
47208,281,-81.7752,160347.59,0.09588,96.75,0.060417,0.2525,
47376,282,-53.1038,89607.12,0.09534,74.50,0.059220,0.2499,
47544,283,-54.5019,109564.69,0.07105,67.25,0.046743,0.2472,
47712,284,-85.9867,146215.50,0.03092,70.00,0.050251,0.2446,
47880,285,-67.5095,100852.83,0.07964,65.50,0.042443,0.2419,
48048,286,-55.6160,95217.59,0.05273,58.50,0.038160,0.2392,
48216,287,-50.7303,91717.58,0.06486,65.25,0.041682,0.2366,
48384,288,-52.0432,101531.15,0.07705,71.50,0.072587,0.2339,
48552,289,-53.6759,100181.90,0.08617,77.50,0.046966,0.2313,
48720,290,-81.0487,147122.74,0.05270,76.00,0.043938,0.2286,
48888,291,-49.9405,98830.33,0.05041,59.50,0.051412,0.2259,
49056,292,-50.6099,94938.25,0.07248,65.00,0.044578,0.2233,
49224,293,-56.8452,98972.52,0.06715,64.25,0.062628,0.2206,
49392,294,-87.4887,187827.36,0.06608,93.25,0.045096,0.2180,
49560,295,-54.0699,94809.88,0.06324,60.50,0.057231,0.2153,
49728,296,-54.0959,97593.64,0.05167,63.25,0.057493,0.2126,
49896,297,-53.5443,93285.47,0.05164,56.50,0.062544,0.2100,
50000,297,,,,,,,-60.9016
50064,298,-81.8477,152175.57,0.02404,72.50,0.061722,0.2073,
50232,299,-79.2560,159060.33,0.06257,87.75,0.035871,0.2047,
50400,300,-84.9708,181404.45,0.06287,93.00,0.060328,0.2020,
50568,301,-55.2479,104149.49,0.07113,73.00,0.061114,0.1993,
50736,302,-80.2549,158174.12,0.06476,84.25,0.069005,0.1967,
50904,303,-64.9908,109909.47,0.07808,77.25,0.057860,0.1940,
51072,304,-54.1831,94664.14,0.08288,67.50,0.043732,0.1914,
51240,305,-50.0047,92332.49,0.09873,72.75,0.047332,0.1887,
51408,306,-51.2574,94711.30,0.07096,62.75,0.032743,0.1860,
51576,307,-67.9955,119490.85,0.08126,78.75,0.043075,0.1834,
51744,308,-50.2177,97772.36,0.05084,59.75,0.053706,0.1807,
51912,309,-49.8226,94078.98,0.03418,51.25,0.054276,0.1781,
52080,310,-49.8346,94720.65,0.04539,52.00,0.050208,0.1754,
52248,311,-49.2220,79961.05,0.06572,53.00,0.046715,0.1727,
52416,312,-84.9002,145906.07,0.05951,81.50,0.047968,0.1701,
52584,313,-48.5748,87705.21,0.07021,61.50,0.053029,0.1674,
52752,314,-50.9028,86890.07,0.06979,63.75,0.056657,0.1648,
52920,315,-81.5988,138944.16,0.06151,76.75,0.072899,0.1621,
53088,316,-49.9442,97610.91,0.07795,68.00,0.066099,0.1594,
53256,317,-50.7996,92035.87,0.07990,64.25,0.043306,0.1568,
53424,318,-52.6292,96790.45,0.06377,58.25,0.048603,0.1541,
53592,319,-61.0094,111446.20,0.08609,81.25,0.056407,0.1515,
53760,320,-48.1964,86271.08,0.05566,56.75,0.036734,0.1488,
53928,321,-49.9354,93211.39,0.05272,56.25,0.059556,0.1461,
54096,322,-78.6722,149791.65,0.04634,77.75,0.054080,0.1435,
54264,323,-48.5570,77638.22,0.09591,69.50,0.053706,0.1408,
54432,324,-78.5543,159804.97,0.05099,83.25,0.059085,0.1382,
54600,325,-77.7511,147753.88,0.05333,79.00,0.072052,0.1355,
54768,326,-52.1303,78916.20,0.06083,51.00,0.061918,0.1328,
54936,327,-79.1076,165849.38,0.06586,85.75,0.053566,0.1302,
55000,327,,,,,,,-61.8448
55104,328,-48.9989,87172.82,0.08225,63.50,0.053976,0.1275,
55272,329,-50.2522,82751.95,0.08178,62.50,0.067279,0.1249,
55440,330,-85.1285,164106.62,0.04355,81.25,0.066967,0.1222,
55608,331,-54.8288,93903.29,0.06224,60.50,0.081541,0.1195,
55776,332,-49.8783,93269.82,0.07881,69.50,0.059752,0.1169,
55944,333,-50.0608,93835.43,0.07723,68.25,0.060757,0.1142,
56112,334,-48.6571,95458.58,0.07450,61.00,0.053608,0.1116,
56280,335,-49.3825,99380.68,0.12238,82.25,0.052235,0.1089,
56448,336,-48.7158,90943.49,0.10097,72.00,0.051898,0.1062,
56616,337,-45.9679,91949.64,0.06775,62.25,0.046053,0.1036,
56784,338,-49.8977,80178.28,0.10222,67.50,0.047963,0.1009,
56952,339,-51.3196,80354.11,0.10736,75.25,0.041042,0.0983,
57120,340,-44.2806,72086.47,0.07509,54.25,0.060674,0.0956,
57288,341,-80.9369,155675.50,0.05542,78.25,0.054623,0.0929,
57456,342,-46.7767,80519.56,0.09427,63.00,0.052354,0.0903,
57624,343,-63.6924,109213.34,0.07075,68.00,0.037791,0.0876,
57792,344,-81.5951,149838.77,0.11322,96.50,0.058103,0.0850,
57960,345,-45.6939,77740.92,0.11325,76.50,0.070462,0.0823,
58128,346,-50.4537,94027.73,0.08738,70.25,0.050302,0.0796,
58296,347,-49.4556,93499.56,0.04848,54.75,0.058396,0.0770,
58464,348,-65.2126,99898.39,0.08928,71.50,0.053478,0.0743,
58632,349,-45.8165,81347.23,0.10268,69.00,0.058206,0.0717,
58800,350,-63.2815,102152.89,0.14253,98.25,0.050723,0.0690,
58968,351,-76.7647,150403.87,0.09153,94.75,0.062358,0.0663,
59136,352,-47.9772,89077.28,0.08782,67.25,0.065927,0.0637,
59304,353,-50.7697,91788.60,0.09912,70.00,0.050150,0.0610,
59472,354,-49.1474,81132.44,0.06058,59.75,0.044126,0.0584,
59640,355,-45.6441,90867.77,0.07161,63.75,0.052150,0.0557,
59808,356,-55.0243,95057.60,0.10824,75.50,0.048187,0.0530,
59976,357,-57.5182,106876.29,0.14407,93.25,0.089376,0.0504,
60000,357,,,,,,,-62.0054
60144,358,-76.7931,140309.16,0.08819,85.25,0.050051,0.0500,
60312,359,-45.5575,71178.29,0.07299,57.50,0.046837,0.0500,
60480,360,-45.7942,75731.53,0.07267,59.00,0.039320,0.0500,
60648,361,-50.5787,82569.96,0.06667,56.00,0.061897,0.0500,
60816,362,-43.5952,81203.72,0.06923,59.25,0.045808,0.0500,
60984,363,-77.5854,160987.00,0.05748,84.00,0.055888,0.0500,
61152,364,-50.9454,94878.07,0.10043,75.50,0.055950,0.0500,
61320,365,-44.9551,90263.58,0.10386,73.00,0.056619,0.0500,
61488,366,-60.7174,103029.27,0.05770,60.00,0.054719,0.0500,
61656,367,-41.1428,75610.63,0.07593,54.50,0.054746,0.0500,
61824,368,-74.0733,150556.79,0.06453,88.00,0.051736,0.0500,
61992,369,-43.8010,75827.96,0.08570,59.50,0.049699,0.0500,
62160,370,-58.4884,103097.33,0.08939,74.25,0.060760,0.0500,
62328,371,-59.4510,105837.65,0.05303,63.50,0.052866,0.0500,
62496,372,-44.4391,72750.65,0.07169,47.25,0.054341,0.0500,
62664,373,-77.3796,150896.82,0.03844,70.75,0.046565,0.0500,
62832,374,-46.7531,75163.33,0.15350,91.25,0.063152,0.0500,
63000,375,-43.0907,77058.98,0.12540,80.75,0.041271,0.0500,
63168,376,-62.8308,95243.86,0.08454,70.50,0.063380,0.0500,
63336,377,-46.1726,75024.00,0.08237,64.00,0.041940,0.0500,
63504,378,-44.7758,70221.73,0.10589,59.75,0.048057,0.0500,
63672,379,-49.3736,71058.24,0.06028,52.00,0.079709,0.0500,
63840,380,-76.0378,158592.22,0.03273,75.00,0.059277,0.0500,
64008,381,-52.5469,61605.61,0.08911,57.75,0.067715,0.0500,
64176,382,-51.1688,70691.92,0.06198,53.50,0.040862,0.0500,
64344,383,-48.3000,70069.64,0.03520,44.50,0.047834,0.0500,
64512,384,-66.2237,110077.19,0.09294,77.25,0.083143,0.0500,
64680,385,-74.2519,141857.27,0.05162,75.25,0.060347,0.0500,
64848,386,-78.6506,152581.07,0.06036,78.50,0.041230,0.0500,
65000,386,,,,,,,-59.3467
65016,387,-45.6498,68810.61,0.07280,55.50,0.058234,0.0500,
65184,388,-76.9940,141254.75,0.06564,82.50,0.037704,0.0500,
65352,389,-77.9221,152725.32,0.06063,79.50,0.054581,0.0500,
65520,390,-49.6765,82855.57,0.08665,67.50,0.050149,0.0500,
65688,391,-46.0223,79283.85,0.12719,77.50,0.060072,0.0500,
65856,392,-47.8000,79022.09,0.12799,77.25,0.075924,0.0500,
66024,393,-64.8244,111563.59,0.11686,85.25,0.046612,0.0500,
66192,394,-45.2917,81256.23,0.11403,73.50,0.054306,0.0500,
66360,395,-45.3819,83474.66,0.07433,60.25,0.062632,0.0500,
66528,396,-42.7573,79411.71,0.08306,61.75,0.066174,0.0500,
66696,397,-79.4133,169777.24,0.06410,87.00,0.039748,0.0500,
66864,398,-45.9323,81774.08,0.09629,74.00,0.061080,0.0500,
67032,399,-80.0858,161685.99,0.07085,83.00,0.095819,0.0500,
67200,400,-45.7721,75262.50,0.09446,62.25,0.068754,0.0500,
67368,401,-44.7854,74666.25,0.07130,58.75,0.072875,0.0500,
67536,402,-59.4774,108228.58,0.09062,75.50,0.053946,0.0500,
67704,403,-49.6809,84300.05,0.11714,69.75,0.062453,0.0500,
67872,404,-63.2053,112313.23,0.09468,74.25,0.044834,0.0500,
68040,405,-75.8033,125325.55,0.06002,71.50,0.049186,0.0500,
68208,406,-45.2263,87114.11,0.09979,66.50,0.050908,0.0500,
68376,407,-48.7303,75513.84,0.10968,64.50,0.061839,0.0500,
68544,408,-58.9984,109406.98,0.06854,71.25,0.053640,0.0500,
68712,409,-76.6953,164881.70,0.05838,86.75,0.065160,0.0500,
68880,410,-46.8982,86130.60,0.10724,73.50,0.050405,0.0500,
69048,411,-49.8814,82724.07,0.08432,58.25,0.061025,0.0500,
69216,412,-45.4045,70489.90,0.10602,62.75,0.064920,0.0500,
69384,413,-42.3805,78066.55,0.10711,67.00,0.055547,0.0500,
69552,414,-45.5199,76940.60,0.08709,67.25,0.050145,0.0500,
69720,415,-44.3184,88058.02,0.09092,66.75,0.057456,0.0500,
69888,416,-46.4288,85390.52,0.06168,60.25,0.061282,0.0500,
70000,416,,,,,,,-60.7539
70056,417,-45.3028,90106.65,0.10934,74.50,0.056861,0.0500,
70224,418,-47.6941,81093.79,0.07903,62.75,0.050576,0.0500,
70392,419,-56.3757,106399.24,0.11252,80.75,0.053412,0.0500,
70560,420,-76.2337,165158.19,0.03758,79.50,0.044841,0.0500,
70728,421,-45.4076,78468.90,0.07185,58.00,0.064584,0.0500,
70896,422,-45.1809,81820.42,0.07887,59.25,0.046065,0.0500,
71064,423,-75.6926,141179.19,0.08555,85.50,0.060038,0.0500,
71232,424,-48.3035,88444.00,0.06228,60.25,0.049463,0.0500,
71400,425,-50.6001,81383.19,0.08259,61.25,0.056966,0.0500,
71568,426,-57.3068,89309.00,0.08375,67.25,0.046444,0.0500,
71736,427,-78.7886,135249.08,0.04856,67.75,0.045288,0.0500,
71904,428,-77.8264,159410.67,0.05339,82.25,0.079333,0.0500,
72072,429,-61.0313,99284.44,0.12358,86.50,0.062624,0.0500,
72240,430,-45.6312,82916.79,0.12650,77.50,0.056965,0.0500,
72408,431,-48.3941,86216.50,0.09253,64.50,0.066760,0.0500,
72576,432,-45.5822,81244.74,0.11742,66.25,0.054824,0.0500,
72744,433,-42.5671,71192.04,0.10159,63.75,0.083832,0.0500,
72912,434,-48.7833,84451.16,0.11743,78.75,0.057267,0.0500,
73080,435,-46.8062,75522.99,0.07622,57.00,0.040666,0.0500,
73248,436,-44.0338,78533.57,0.05352,51.50,0.058287,0.0500,
73416,437,-60.8300,106038.16,0.05368,62.00,0.100598,0.0500,
73584,438,-47.8462,81589.81,0.06462,58.75,0.069324,0.0500,
73752,439,-44.8404,80374.05,0.07632,57.50,0.066969,0.0500,
73920,440,-43.0736,84798.29,0.09771,68.00,0.033766,0.0500,
74088,441,-76.1521,161154.05,0.07947,96.00,0.068745,0.0500,
74256,442,-63.8493,94812.77,0.10502,82.50,0.036659,0.0500,
74424,443,-79.6307,157151.60,0.08425,94.25,0.051287,0.0500,
74592,444,-84.2083,183894.43,0.11171,110.00,0.056560,0.0500,
74760,445,-43.7431,77382.00,0.11860,69.50,0.062996,0.0500,
74928,446,-53.0208,76822.72,0.11503,73.75,0.074711,0.0500,
75000,446,,,,,,,-57.9894
75096,447,-73.6384,154086.09,0.07887,90.25,0.066069,0.0500,
75264,448,-77.1035,171521.52,0.05759,93.50,0.034960,0.0500,
75432,449,-45.0046,80244.73,0.10392,70.75,0.063847,0.0500,
75600,450,-45.8088,83555.18,0.06072,53.75,0.079874,0.0500,
75768,451,-74.1958,146416.21,0.07136,78.00,0.054822,0.0500,
75936,452,-74.7095,160516.20,0.03941,80.75,0.048112,0.0500,
76104,453,-45.7035,72240.84,0.07075,58.00,0.098858,0.0500,
76272,454,-76.0943,148078.47,0.02767,70.75,0.071516,0.0500,
76440,455,-59.6718,105045.10,0.07835,72.50,0.062348,0.0500,
76608,456,-60.3083,97618.70,0.07097,61.75,0.046459,0.0500,
76776,457,-43.7848,74192.05,0.05012,45.50,0.031447,0.0500,
76944,458,-44.9052,75754.30,0.05854,52.50,0.053648,0.0500,
77112,459,-47.4022,75569.94,0.10933,76.00,0.070098,0.0500,
77280,460,-65.1867,109796.68,0.12359,96.00,0.059650,0.0500,
77448,461,-58.1568,102449.01,0.05224,57.75,0.034851,0.0500,
77616,462,-47.4107,69624.71,0.08675,57.00,0.053652,0.0500,
77784,463,-54.5411,97206.34,0.08875,74.75,0.057678,0.0500,
77952,464,-43.3528,79431.37,0.08128,65.75,0.059831,0.0500,
78120,465,-46.6126,72607.40,0.09202,63.50,0.046735,0.0500,
78288,466,-45.5389,67539.86,0.08795,61.00,0.057037,0.0500,
78456,467,-44.6358,72802.57,0.11138,71.50,0.050193,0.0500,
78624,468,-70.7855,146761.35,0.08500,92.75,0.055867,0.0500,
78792,469,-42.1818,80933.65,0.08301,67.75,0.084295,0.0500,
78960,470,-44.9229,73380.98,0.04592,48.50,0.059376,0.0500,
79128,471,-43.9123,82431.66,0.10780,67.00,0.061877,0.0500,
79296,472,-74.5723,159556.92,0.06950,89.00,0.041206,0.0500,
79464,473,-62.2915,92597.03,0.06446,63.50,0.052174,0.0500,
79632,474,-73.6859,148968.35,0.09307,93.25,0.047570,0.0500,
79800,475,-64.0797,111965.88,0.12096,82.25,0.059588,0.0500,
79968,476,-44.9212,74450.54,0.10849,67.75,0.065733,0.0500,
80000,476,,,,,,,-58.1890
80136,477,-43.7195,77629.88,0.09439,67.75,0.058706,0.0500,
80304,478,-47.9640,74941.76,0.06240,52.50,0.052858,0.0500,
80472,479,-46.7748,78736.80,0.08320,67.25,0.045896,0.0500,
80640,480,-81.9675,170684.81,0.05498,88.75,0.046813,0.0500,
80808,481,-47.5698,75314.97,0.06507,57.25,0.065866,0.0500,
80976,482,-43.8934,73606.43,0.04991,52.25,0.065237,0.0500,
81144,483,-82.8779,148536.62,0.01967,63.75,0.039997,0.0500,
81312,484,-45.6742,67892.05,0.03156,40.75,0.073399,0.0500,
81480,485,-47.0801,68266.39,0.02151,38.25,0.044711,0.0500,
81648,486,-62.5862,100220.96,0.06315,61.50,0.062209,0.0500,
81816,487,-73.3238,157549.13,0.03965,76.50,0.049592,0.0500,
81984,488,-60.1499,93251.80,0.06972,63.75,0.076223,0.0500,
82152,489,-48.7080,71022.70,0.06782,52.75,0.051738,0.0500,
82320,490,-44.5490,72728.71,0.06242,47.25,0.059456,0.0500,
82488,491,-43.8589,80186.59,0.07750,57.75,0.046854,0.0500,
82656,492,-47.4697,79157.98,0.08865,66.75,0.058587,0.0500,
82824,493,-46.9209,80083.12,0.07255,55.00,0.066346,0.0500,
82992,494,-45.5072,77321.70,0.05063,49.50,0.063851,0.0500,
83160,495,-58.5051,97719.47,0.07398,71.00,0.070442,0.0500,
83328,496,-43.3742,88338.65,0.06945,63.25,0.053096,0.0500,
83496,497,-72.9236,146704.64,0.04768,75.75,0.061899,0.0500,
83664,498,-42.1742,72242.66,0.06695,55.50,0.043802,0.0500,
83832,499,-43.4687,80698.04,0.09160,65.75,0.091908,0.0500,
84000,500,-45.8265,79021.68,0.08025,58.75,0.061423,0.0500,
84168,501,-70.7926,150436.38,0.05532,78.25,0.045239,0.0500,
84336,502,-47.1870,81089.68,0.08099,59.50,0.064744,0.0500,
84504,503,-56.3226,94939.07,0.08136,68.00,0.063471,0.0500,
84672,504,-41.8234,76747.52,0.10086,62.00,0.065755,0.0500,
84840,505,-44.3978,73808.97,0.09826,64.50,0.062700,0.0500,
85000,505,,,,,,,-59.1946
85008,506,-43.8199,74726.12,0.10588,69.75,0.042103,0.0500,
85176,507,-48.1569,76718.99,0.13048,77.25,0.058729,0.0500,
85344,508,-45.4215,83397.47,0.10984,67.50,0.033648,0.0500,
85512,509,-73.2740,160986.45,0.02924,74.75,0.071211,0.0500,
85680,510,-63.4363,100743.28,0.11410,89.25,0.063038,0.0500,
85848,511,-81.3780,159476.70,0.09984,94.50,0.046181,0.0500,
86016,512,-46.4914,81566.12,0.08962,63.75,0.068345,0.0500,
86184,513,-44.3232,76755.50,0.10876,67.00,0.060746,0.0500,
86352,514,-48.0603,65147.92,0.11379,66.50,0.052443,0.0500,
86520,515,-45.3732,80078.33,0.09334,62.75,0.059048,0.0500,
86688,516,-44.0780,75879.20,0.10469,64.25,0.054940,0.0500,
86856,517,-42.3954,71885.80,0.08313,60.00,0.082534,0.0500,
87024,518,-84.4411,187530.31,0.04643,85.50,0.071833,0.0500,
87192,519,-46.0286,86544.62,0.11713,72.50,0.055647,0.0500,
87360,520,-59.1400,101881.90,0.12264,81.25,0.042397,0.0500,
87528,521,-45.6932,72819.38,0.12293,70.25,0.073128,0.0500,
87696,522,-58.9000,91169.54,0.07915,62.25,0.052278,0.0500,
87864,523,-77.3980,158849.78,0.01510,69.75,0.054296,0.0500,
88032,524,-44.5780,71085.30,0.13052,73.75,0.050064,0.0500,
88200,525,-47.5757,85598.96,0.09224,67.00,0.071658,0.0500,
88368,526,-42.1087,79149.08,0.04082,48.75,0.067423,0.0500,
88536,527,-46.5314,77985.32,0.08403,62.25,0.052203,0.0500,
88704,528,-45.8655,77728.13,0.09495,66.50,0.054885,0.0500,
88872,529,-58.5145,93257.71,0.08610,70.75,0.056467,0.0500,
89040,530,-72.4029,146105.29,0.03267,73.00,0.039647,0.0500,
89208,531,-44.9811,74044.99,0.09958,67.25,0.062652,0.0500,
89376,532,-46.0155,81429.56,0.06492,55.25,0.066329,0.0500,
89544,533,-61.5800,109469.32,0.08874,78.25,0.096621,0.0500,
89712,534,-82.2587,168368.88,0.07534,96.00,0.087218,0.0500,
89880,535,-74.8210,158025.21,0.03681,73.75,0.056952,0.0500,
90000,535,,,,,,,-59.0662
90048,536,-44.8141,81237.94,0.05262,51.75,0.047533,0.0500,
90216,537,-45.3399,77592.31,0.08150,65.75,0.060263,0.0500,
90384,538,-73.6988,143134.79,0.08076,87.25,0.056960,0.0500,
90552,539,-56.0899,99148.89,0.08846,73.00,0.056732,0.0500,
90720,540,-77.7079,168238.54,0.04424,80.75,0.065566,0.0500,
90888,541,-43.3610,71832.25,0.09215,62.00,0.071488,0.0500,
91056,542,-44.3183,69904.54,0.07274,52.50,0.050825,0.0500,
91224,543,-45.1494,78708.51,0.07060,61.50,0.085661,0.0500,
91392,544,-79.3951,155636.98,0.05757,76.50,0.050128,0.0500,
91560,545,-41.5828,74766.28,0.06546,52.50,0.061235,0.0500,
91728,546,-77.1932,166212.22,0.03585,82.50,0.068808,0.0500,
91896,547,-75.1841,162404.92,0.04559,73.25,0.050232,0.0500,
92064,548,-45.6314,87951.14,0.06568,57.00,0.049872,0.0500,
92232,549,-43.7664,79231.04,0.04649,50.00,0.064740,0.0500,
92400,550,-77.5478,161333.03,0.03152,77.75,0.052499,0.0500,
92568,551,-48.0632,79546.90,0.05504,53.50,0.060063,0.0500,
92736,552,-84.2924,189674.67,0.04320,91.50,0.047127,0.0500,
92904,553,-47.3477,76689.72,0.06580,49.50,0.062065,0.0500,
93072,554,-60.2595,116411.42,0.06256,70.25,0.050578,0.0500,
93240,555,-43.1838,81092.62,0.06779,56.25,0.045607,0.0500,
93408,556,-45.7156,77515.03,0.10249,71.00,0.059829,0.0500,
93576,557,-77.4979,143010.23,0.06975,86.00,0.069016,0.0500,
93744,558,-57.4932,110249.05,0.04965,68.00,0.046430,0.0500,
93912,559,-49.0037,84064.95,0.07357,65.00,0.048178,0.0500,
94080,560,-48.3895,82649.71,0.06715,59.50,0.067186,0.0500,
94248,561,-60.8290,97619.09,0.07907,70.75,0.041931,0.0500,
94416,562,-76.1302,163570.26,0.02992,78.50,0.064975,0.0500,
94584,563,-60.6712,101432.50,0.09445,75.75,0.051183,0.0500,
94752,564,-58.4569,97665.69,0.10913,76.75,0.058320,0.0500,
94920,565,-44.9338,80303.09,0.06007,56.50,0.069515,0.0500,
95000,565,,,,,,,-59.3589
95088,566,-83.1876,160625.17,0.05847,84.25,0.072919,0.0500,
95256,567,-45.1043,76937.18,0.07118,56.50,0.065159,0.0500,
95424,568,-57.2820,109246.29,0.09248,80.25,0.050535,0.0500,
95592,569,-50.7327,81759.00,0.11272,72.50,0.037769,0.0500,
95760,570,-57.3739,100274.74,0.11113,83.00,0.050337,0.0500,
95928,571,-46.0924,78644.43,0.10366,69.00,0.042898,0.0500,
96096,572,-46.3289,80242.27,0.11208,71.00,0.072080,0.0500,
96264,573,-44.3626,76588.24,0.09620,62.00,0.049619,0.0500,
96432,574,-57.8653,91112.21,0.11524,79.25,0.060470,0.0500,
96600,575,-43.9652,73128.52,0.11228,69.50,0.078117,0.0500,
96768,576,-46.4588,81319.44,0.10462,68.00,0.063073,0.0500,
96936,577,-61.7185,85535.20,0.12105,79.75,0.052451,0.0500,
97104,578,-45.6545,79924.33,0.09012,60.00,0.074879,0.0500,
97272,579,-60.0999,93883.55,0.08867,75.00,0.031996,0.0500,
97440,580,-43.0753,71115.71,0.07834,56.25,0.067716,0.0500,
97608,581,-44.1501,77556.66,0.06925,58.00,0.071491,0.0500,
97776,582,-48.0686,76797.35,0.12001,76.75,0.059464,0.0500,
97944,583,-42.1942,77888.37,0.11957,77.75,0.055368,0.0500,
98112,584,-48.6133,79853.29,0.11679,75.75,0.061780,0.0500,
98280,585,-43.7885,69063.25,0.09050,58.75,0.063302,0.0500,
98448,586,-61.8652,93168.47,0.09657,74.50,0.040938,0.0500,
98616,587,-73.7878,153598.22,0.08007,94.50,0.076434,0.0500,
98784,588,-43.2904,75637.81,0.09337,68.00,0.072334,0.0500,
98952,589,-46.4852,76472.45,0.07812,59.00,0.058154,0.0500,
99120,590,-61.9286,104627.28,0.04880,66.00,0.076070,0.0500,
99288,591,-46.3589,80359.33,0.09448,64.00,0.063073,0.0500,
99456,592,-44.3943,77164.77,0.09103,60.00,0.084851,0.0500,
99624,593,-45.0276,72975.71,0.10728,67.50,0.081184,0.0500,
99792,594,-45.9183,75816.49,0.10545,74.25,0.071830,0.0500,
99960,595,-56.4956,93936.75,0.08570,71.50,0.055683,0.0500,
100000,595,,,,,,,-58.4450
100128,596,-78.9197,144809.34,0.04765,78.25,0.065729,0.0500,
100296,597,-57.0647,96680.29,0.09944,79.25,0.058463,0.0500,
100464,598,-59.5166,98405.13,0.07863,73.00,0.048579,0.0500,
100632,599,-76.8826,160466.35,0.03833,78.25,0.051783,0.0500,
100800,600,-44.2474,75966.57,0.08991,57.75,0.060145,0.0500,
100968,601,-57.1552,96958.92,0.10777,73.75,0.067788,0.0500,
101136,602,-45.0435,75164.71,0.07529,57.25,0.051493,0.0500,
101304,603,-42.2898,74163.43,0.07622,51.75,0.054687,0.0500,
101472,604,-84.7044,186021.61,0.08131,89.00,0.070091,0.0500,
101640,605,-48.3288,82993.54,0.03986,49.00,0.051300,0.0500,
101808,606,-71.9165,151340.71,0.04519,79.25,0.074977,0.0500,
101976,607,-78.3296,147201.74,0.04481,75.75,0.055817,0.0500,
102144,608,-44.3350,64437.09,0.07039,49.25,0.060054,0.0500,
102312,609,-77.1433,167083.83,0.03350,77.25,0.046300,0.0500,
102480,610,-58.7053,103007.24,0.10829,78.00,0.063475,0.0500,
102648,611,-43.1612,81294.23,0.06009,55.00,0.050093,0.0500,
102816,612,-53.9834,96969.93,0.08467,68.00,0.070103,0.0500,
102984,613,-45.3319,68334.42,0.10252,62.75,0.051455,0.0500,
103152,614,-60.0430,97474.08,0.09105,73.25,0.045578,0.0500,
103320,615,-71.3449,157929.37,0.07668,88.25,0.038604,0.0500,
103488,616,-42.3522,81504.49,0.08607,67.75,0.033685,0.0500,
103656,617,-39.6829,70487.18,0.09317,61.75,0.051973,0.0500,
103824,618,-73.8267,150672.11,0.08963,94.00,0.057924,0.0500,
103992,619,-43.4619,65931.54,0.07502,52.25,0.073974,0.0500,
104160,620,-74.1548,148914.07,0.06851,86.25,0.063389,0.0500,
104328,621,-44.4808,67783.17,0.07011,50.75,0.087126,0.0500,
104496,622,-83.4830,174610.08,0.04650,89.50,0.059984,0.0500,
104664,623,-41.3252,73486.44,0.09723,62.00,0.064227,0.0500,
104832,624,-56.1575,90545.65,0.12601,80.50,0.050807,0.0500,
105000,625,-63.9994,86885.34,0.11327,73.50,0.042882,0.0500,
105000,625,,,,,,,-55.0691
105168,626,-42.3817,74021.01,0.09499,67.50,0.064670,0.0500,
105336,627,-45.1299,71896.82,0.09635,61.50,0.041237,0.0500,
105504,628,-54.6868,93553.83,0.11455,82.00,0.048986,0.0500,
105672,629,-42.8159,74641.94,0.11615,70.50,0.066509,0.0500,
105840,630,-44.3926,82187.76,0.12315,76.25,0.061451,0.0500,
106008,631,-55.5544,98967.19,0.11780,82.50,0.061891,0.0500,
106176,632,-57.3131,97544.52,0.12282,83.75,0.030084,0.0500,
106344,633,-42.8408,68974.23,0.08107,59.75,0.048084,0.0500,
106512,634,-43.5093,73091.38,0.09267,61.00,0.046024,0.0500,
106680,635,-71.6244,137391.51,0.05242,65.50,0.050879,0.0500,
106848,636,-48.9295,67510.91,0.09155,59.25,0.071555,0.0500,
107016,637,-43.6115,68926.99,0.09832,60.00,0.053820,0.0500,
107184,638,-46.7648,74850.05,0.08182,57.25,0.047634,0.0500,
107352,639,-74.5471,153354.76,0.03867,72.75,0.052665,0.0500,
107520,640,-46.5479,77434.90,0.07972,58.50,0.055798,0.0500,
107688,641,-45.8467,75695.92,0.08211,59.50,0.044611,0.0500,
107856,642,-73.6879,142565.54,0.09849,92.50,0.055628,0.0500,
108024,643,-79.3609,140685.15,0.07010,76.25,0.064736,0.0500,
108192,644,-62.1299,91275.92,0.08246,69.25,0.049903,0.0500,
108360,645,-76.4044,173050.73,0.05815,86.75,0.054632,0.0500,
108528,646,-43.8737,73669.69,0.09490,60.75,0.048693,0.0500,
108696,647,-80.1118,178534.15,0.04261,80.75,0.043287,0.0500,
108864,648,-44.1773,67841.71,0.08504,57.25,0.087178,0.0500,
109032,649,-42.9610,62806.01,0.11381,70.75,0.037925,0.0500,
109200,650,-45.4406,68300.47,0.10784,68.50,0.040660,0.0500,
109368,651,-47.2028,69895.34,0.07276,56.00,0.067603,0.0500,
109536,652,-45.1507,70153.12,0.06105,47.50,0.055495,0.0500,
109704,653,-62.2893,93908.96,0.10150,74.25,0.044876,0.0500,
109872,654,-79.5149,158794.49,0.05516,79.25,0.024974,0.0500,
110000,654,,,,,,,-54.9764
110040,655,-47.1324,79399.88,0.04950,49.25,0.046212,0.0500,
110208,656,-43.4463,78516.30,0.07058,60.00,0.066084,0.0500,
110376,657,-42.1334,76624.57,0.06827,54.00,0.053695,0.0500,
110544,658,-74.2916,143785.94,0.06076,78.75,0.070731,0.0500,
110712,659,-57.9174,90798.96,0.09903,72.75,0.055500,0.0500,
110880,660,-75.0831,152373.45,0.07642,82.00,0.046949,0.0500,
111048,661,-74.1196,166108.74,0.08272,85.75,0.054024,0.0500,
111216,662,-70.2369,146712.98,0.08182,82.25,0.041147,0.0500,
111384,663,-43.2530,65239.95,0.08359,58.00,0.060339,0.0500,
111552,664,-58.1053,87644.39,0.09142,68.75,0.071651,0.0500,
111720,665,-49.2535,71608.72,0.07535,54.25,0.054385,0.0500,
111888,666,-46.3562,70301.35,0.08268,57.00,0.047700,0.0500,
112056,667,-49.3116,66554.58,0.08880,61.25,0.040269,0.0500,
112224,668,-44.2733,73175.29,0.09122,64.50,0.066738,0.0500,
112392,669,-48.5075,74274.50,0.08252,53.75,0.053314,0.0500,
112560,670,-45.5966,80703.76,0.05984,53.25,0.073878,0.0500,
112728,671,-81.7342,179239.16,0.04876,87.75,0.032530,0.0500,
112896,672,-49.9734,92066.91,0.06466,59.50,0.039446,0.0500,
113064,673,-88.4618,190748.45,0.04745,91.75,0.038371,0.0500,
113232,674,-47.0813,74014.05,0.06273,53.00,0.055478,0.0500,
113400,675,-44.5678,72371.20,0.08840,55.25,0.060443,0.0500,
113568,676,-74.8719,160859.75,0.07920,88.75,0.049165,0.0500,
113736,677,-47.2157,67542.12,0.10403,57.00,0.043493,0.0500,
113904,678,-48.5474,75739.78,0.07179,52.00,0.061969,0.0500,
114072,679,-70.1289,156510.94,0.04425,81.50,0.067457,0.0500,
114240,680,-44.0174,76191.95,0.07017,60.00,0.055295,0.0500,
114408,681,-46.8158,75205.01,0.06228,56.00,0.051854,0.0500,
114576,682,-46.8845,75110.33,0.05602,49.50,0.066859,0.0500,
114744,683,-44.5297,70481.32,0.07299,53.75,0.046699,0.0500,
114912,684,-75.1218,155794.00,0.06060,77.25,0.038567,0.0500,
115000,684,,,,,,,-60.3028
115080,685,-77.7132,136460.25,0.06138,76.00,0.052248,0.0500,
115248,686,-76.2122,139091.12,0.04234,71.25,0.060155,0.0500,
115416,687,-43.6617,71748.59,0.05191,46.75,0.043623,0.0500,
115584,688,-83.5401,148538.27,0.05298,76.00,0.039420,0.0500,
115752,689,-42.9696,72374.64,0.04393,46.00,0.051893,0.0500,
115920,690,-49.8264,77254.35,0.05314,48.75,0.041163,0.0500,
116088,691,-76.3387,146277.79,0.07902,83.50,0.049782,0.0500,
116256,692,-44.1528,73494.12,0.09142,57.00,0.049192,0.0500,
116424,693,-43.9404,71866.60,0.09585,61.25,0.047855,0.0500,
116592,694,-66.2579,94595.97,0.07222,63.50,0.036090,0.0500,
116760,695,-46.4581,71057.09,0.05893,46.50,0.047840,0.0500,
116928,696,-45.2294,71424.63,0.07129,57.50,0.060276,0.0500,
117096,697,-48.5852,73121.19,0.08258,60.75,0.033617,0.0500,
117264,698,-76.2169,151426.09,0.04578,74.25,0.045908,0.0500,
117432,699,-64.4147,94504.59,0.08084,72.50,0.050605,0.0500,
117600,700,-43.8437,79726.88,0.05509,55.00,0.061623,0.0500,
117768,701,-46.1931,83114.15,0.07164,61.25,0.045878,0.0500,
117936,702,-46.6700,78000.54,0.07435,57.00,0.066246,0.0500,
118104,703,-79.9793,151145.82,0.03594,68.25,0.053520,0.0500,
118272,704,-51.4643,69888.11,0.06851,57.50,0.070849,0.0500,
118440,705,-41.8132,73299.93,0.04271,48.75,0.037546,0.0500,
118608,706,-76.5283,132326.58,0.07218,77.50,0.048952,0.0500,
118776,707,-43.6084,66101.22,0.05621,45.50,0.068574,0.0500,
118944,708,-60.7883,95598.44,0.07382,65.25,0.068425,0.0500,
119112,709,-45.1960,72805.91,0.08461,56.25,0.049473,0.0500,
119280,710,-72.7327,142270.63,0.08853,83.25,0.055285,0.0500,
119448,711,-43.7362,73920.97,0.09951,66.00,0.055964,0.0500,
119616,712,-47.7265,73903.40,0.09471,59.75,0.056725,0.0500,
119784,713,-49.1404,69363.52,0.10913,63.50,0.049631,0.0500,
119952,714,-45.7336,68407.75,0.07820,48.75,0.065306,0.0500,
120000,714,,,,,,,-58.7934
120120,715,-46.0571,71746.35,0.08896,57.50,0.044602,0.0500,
120288,716,-77.2960,140214.88,0.04880,75.25,0.059981,0.0500,
120456,717,-44.6487,77950.68,0.09919,66.00,0.051361,0.0500,
120624,718,-45.6971,79111.66,0.09681,66.75,0.069134,0.0500,
120792,719,-56.4468,89138.38,0.10801,77.00,0.053679,0.0500,
120960,720,-45.8506,77258.60,0.03975,49.75,0.060398,0.0500,
121128,721,-41.5999,72095.91,0.05448,47.00,0.029976,0.0500,
121296,722,-52.9696,94459.79,0.10060,72.75,0.045011,0.0500,
121464,723,-46.5423,73508.98,0.10010,61.25,0.039658,0.0500,
121632,724,-74.0500,160846.02,0.06232,79.25,0.062858,0.0500,
121800,725,-59.1595,90843.28,0.11361,78.75,0.073036,0.0500,
121968,726,-44.6120,72919.70,0.12675,70.00,0.042795,0.0500,
122136,727,-43.9689,81294.68,0.08408,63.75,0.049794,0.0500,
122304,728,-45.4029,70853.97,0.07045,54.75,0.043475,0.0500,
122472,729,-67.6638,101420.98,0.06134,58.75,0.025351,0.0500,
122640,730,-44.1050,70658.12,0.11664,69.50,0.061002,0.0500,
122808,731,-73.7366,141917.87,0.05599,80.75,0.054775,0.0500,
122976,732,-64.5650,119239.50,0.04768,66.50,0.047003,0.0500,
123144,733,-47.6363,74298.57,0.07457,60.50,0.047005,0.0500,
123312,734,-76.1502,146449.09,0.07149,87.75,0.034384,0.0500,
123480,735,-45.4948,74856.69,0.09178,63.50,0.071154,0.0500,
123648,736,-60.0393,90720.01,0.09622,67.50,0.040272,0.0500,
123816,737,-60.4249,94807.15,0.07645,68.75,0.041117,0.0500,
123984,738,-43.7922,83737.71,0.06891,60.25,0.073104,0.0500,
124152,739,-55.9980,101539.90,0.08959,69.50,0.042789,0.0500,
124320,740,-43.4853,82195.92,0.06613,53.50,0.068278,0.0500,
124488,741,-72.4021,156191.43,0.04489,79.00,0.043271,0.0500,
124656,742,-71.1261,154114.76,0.04286,78.00,0.062263,0.0500,
124824,743,-77.9208,137852.46,0.05710,74.00,0.050846,0.0500,
124992,744,-42.5405,71076.01,0.05833,49.00,0.085213,0.0500,
125000,744,,,,,,,-53.9038
125160,745,-42.3704,72342.43,0.07764,54.75,0.026998,0.0500,
125328,746,-41.6680,83483.41,0.05111,49.75,0.052859,0.0500,
125496,747,-43.7602,78755.60,0.08936,68.25,0.036039,0.0500,
125664,748,-42.4500,64130.18,0.08967,60.00,0.030968,0.0500,
125832,749,-71.7157,140548.75,0.05872,77.50,0.080084,0.0500,
126000,750,-69.7720,141638.09,0.04682,74.25,0.050738,0.0500,
126168,751,-45.1137,80175.58,0.06560,57.50,0.037510,0.0500,
126336,752,-45.4814,73825.86,0.06832,51.25,0.029807,0.0500,
126504,753,-73.2036,134635.00,0.05125,73.25,0.036941,0.0500,
126672,754,-43.3915,77049.25,0.06830,51.75,0.047250,0.0500,
126840,755,-59.0416,91793.66,0.07780,65.75,0.050615,0.0500,
127008,756,-71.4126,148448.24,0.03946,70.50,0.036775,0.0500,
127176,757,-45.4719,73109.21,0.08945,59.75,0.059938,0.0500,
127344,758,-43.1167,68954.67,0.07252,50.50,0.053602,0.0500,
127512,759,-75.0039,137704.44,0.05399,71.50,0.041733,0.0500,
127680,760,-42.1888,73963.37,0.08409,57.75,0.030622,0.0500,
127848,761,-47.6819,69317.44,0.07613,53.25,0.051809,0.0500,
128016,762,-63.3164,92610.19,0.05396,60.00,0.058542,0.0500,
128184,763,-43.2670,73956.55,0.05952,52.50,0.028570,0.0500,
128352,764,-48.2067,74518.42,0.10119,70.50,0.033863,0.0500,
128520,765,-43.9757,70744.97,0.05675,47.50,0.045119,0.0500,
128688,766,-44.2677,75916.62,0.08727,65.50,0.054281,0.0500,
128856,767,-56.0204,97849.62,0.07471,68.75,0.044191,0.0500,
129024,768,-43.3870,75017.97,0.07136,61.00,0.030042,0.0500,
129192,769,-74.3312,135538.44,0.05760,72.75,0.043747,0.0500,
129360,770,-73.6822,144121.38,0.06865,83.25,0.034725,0.0500,
129528,771,-42.5396,80003.02,0.08203,57.25,0.057993,0.0500,
129696,772,-45.0712,81680.91,0.08890,63.25,0.057169,0.0500,
129864,773,-57.0310,92695.63,0.10053,73.50,0.057592,0.0500,
130000,773,,,,,,,-53.8357
130032,774,-75.2772,142305.62,0.05207,78.25,0.065164,0.0500,
130200,775,-55.1173,97041.88,0.09289,70.50,0.048890,0.0500,
130368,776,-41.9730,76311.57,0.05769,50.00,0.042520,0.0500,
130536,777,-42.5456,76315.78,0.08492,59.50,0.052090,0.0500,
130704,778,-43.5818,74722.61,0.08070,57.00,0.040987,0.0500,
130872,779,-44.1813,77479.80,0.06265,52.75,0.032721,0.0500,
131040,780,-58.0358,93818.36,0.08896,74.00,0.056008,0.0500,
131208,781,-42.9337,75131.58,0.09559,60.00,0.049964,0.0500,
131376,782,-69.1020,136467.88,0.11184,87.00,0.032644,0.0500,
131544,783,-57.7380,95632.34,0.08662,70.00,0.050392,0.0500,
131712,784,-43.6526,80506.76,0.11083,73.00,0.036513,0.0500,
131880,785,-59.0997,89646.01,0.10893,77.75,0.045662,0.0500,
132048,786,-74.4754,146810.31,0.07434,83.75,0.038612,0.0500,
132216,787,-62.3012,90914.65,0.08335,63.25,0.048043,0.0500,
132384,788,-43.9596,69799.97,0.08763,55.75,0.042128,0.0500,
132552,789,-63.8223,93606.71,0.11773,75.00,0.037719,0.0500,
132720,790,-57.0610,97425.28,0.08520,73.75,0.057739,0.0500,
132888,791,-41.6391,78307.49,0.08219,63.25,0.048300,0.0500,
133056,792,-73.1917,148112.61,0.07943,89.25,0.054269,0.0500,
133224,793,-74.3389,158980.20,0.08065,96.25,0.051286,0.0500,
133392,794,-43.1018,81983.84,0.06509,59.25,0.041204,0.0500,
133560,795,-43.6705,70205.05,0.08996,63.50,0.054930,0.0500,
133728,796,-47.3699,74518.04,0.07665,62.00,0.055047,0.0500,
133896,797,-58.2399,96218.69,0.07313,70.00,0.040520,0.0500,
134064,798,-43.4748,73362.03,0.08079,61.75,0.044219,0.0500,
134232,799,-66.4045,97598.38,0.09918,71.00,0.031983,0.0500,
134400,800,-60.5207,88831.28,0.10709,80.00,0.035289,0.0500,
134568,801,-43.1799,74242.25,0.07728,60.25,0.065217,0.0500,
134736,802,-72.6004,142826.49,0.07916,83.25,0.034045,0.0500,
134904,803,-46.0217,67165.56,0.08162,59.75,0.032000,0.0500,
135000,803,,,,,,,-55.5423
135072,804,-49.0527,70480.44,0.09532,65.25,0.028308,0.0500,
135240,805,-46.6738,72329.59,0.08832,64.00,0.047618,0.0500,
135408,806,-62.6814,89341.49,0.09095,73.00,0.040620,0.0500,
135576,807,-70.3500,144726.40,0.05560,76.25,0.056582,0.0500,
135744,808,-74.3108,138552.74,0.08791,83.75,0.045022,0.0500,
135912,809,-44.2650,80684.33,0.07970,63.25,0.047045,0.0500,
136080,810,-46.3842,77988.29,0.08216,66.75,0.042746,0.0500,
136248,811,-58.3853,90550.28,0.05914,59.00,0.035538,0.0500,
136416,812,-72.4326,139603.35,0.03550,67.50,0.024647,0.0500,
136584,813,-72.2049,143588.54,0.04011,74.75,0.055625,0.0500,
136752,814,-71.2274,147708.97,0.03887,73.50,0.048142,0.0500,
136920,815,-46.4426,68026.10,0.03288,42.75,0.037896,0.0500,
137088,816,-75.6980,147988.46,0.04200,74.25,0.035324,0.0500,
137256,817,-72.0485,143115.04,0.06466,79.50,0.026300,0.0500,
137424,818,-71.3126,149342.64,0.08502,95.25,0.050453,0.0500,
137592,819,-58.8357,98412.96,0.07923,67.50,0.083074,0.0500,
137760,820,-58.0664,91608.76,0.10876,66.25,0.040300,0.0500,
137928,821,-60.1612,89876.97,0.09511,70.25,0.028486,0.0500,
138096,822,-45.2286,75991.44,0.08286,54.50,0.036064,0.0500,
138264,823,-47.2651,79810.86,0.08755,66.25,0.029298,0.0500,
138432,824,-75.8310,150663.68,0.06868,88.50,0.080413,0.0500,
138600,825,-44.7884,72615.84,0.08767,59.75,0.053862,0.0500,
138768,826,-45.3036,82821.63,0.09467,62.75,0.032120,0.0500,
138936,827,-44.5228,72333.57,0.06520,51.25,0.049922,0.0500,
139104,828,-45.1571,76193.42,0.05029,52.00,0.023050,0.0500,
139272,829,-80.5943,149333.75,0.07172,88.00,0.058174,0.0500,
139440,830,-74.9345,149919.55,0.06779,85.25,0.032863,0.0500,
139608,831,-58.0509,98655.57,0.10662,79.00,0.030033,0.0500,
139776,832,-40.1944,72395.70,0.10830,63.25,0.060074,0.0500,
139944,833,-42.9945,69613.31,0.07087,49.75,0.036558,0.0500,
140000,833,,,,,,,-54.2709
140112,834,-73.4957,140636.21,0.06039,78.00,0.056198,0.0500,
140280,835,-43.0454,77780.62,0.05870,51.50,0.030851,0.0500,
140448,836,-71.1875,135729.16,0.06897,81.00,0.054618,0.0500,
140616,837,-73.3583,141544.24,0.08337,89.00,0.054023,0.0500,
140784,838,-46.0070,81564.39,0.08122,65.75,0.049366,0.0500,
140952,839,-44.1434,68086.03,0.08683,57.25,0.038158,0.0500,
141120,840,-47.0098,73141.30,0.06303,50.50,0.047683,0.0500,
141288,841,-45.3411,73137.46,0.06232,55.00,0.049732,0.0500,
141456,842,-61.4525,94565.27,0.10293,78.75,0.039059,0.0500,
141624,843,-42.5829,67255.25,0.09480,55.50,0.034677,0.0500,
141792,844,-47.7017,83946.01,0.09979,67.00,0.059914,0.0500,
141960,845,-82.4723,140437.90,0.11149,100.75,0.035128,0.0500,
142128,846,-63.0440,109325.82,0.09197,84.50,0.045633,0.0500,
142296,847,-45.4473,82198.10,0.08409,67.50,0.027305,0.0500,
142464,848,-47.8411,69531.58,0.08117,55.25,0.025788,0.0500,
142632,849,-79.8310,142905.47,0.06951,83.75,0.041018,0.0500,
142800,850,-42.9037,77024.97,0.07044,53.50,0.057766,0.0500,
142968,851,-46.2112,74470.70,0.09362,58.25,0.035220,0.0500,
143136,852,-51.1960,69359.77,0.09087,60.50,0.035753,0.0500,
143304,853,-46.8432,67305.96,0.12332,72.00,0.035547,0.0500,
143472,854,-44.5874,85917.25,0.06340,57.75,0.042290,0.0500,
143640,855,-43.6348,68357.32,0.10366,64.00,0.043410,0.0500,
143808,856,-43.9242,70741.94,0.06888,51.50,0.048521,0.0500,
143976,857,-73.3369,145636.65,0.05869,79.00,0.015539,0.0500,
144144,858,-44.2402,75889.87,0.11668,68.25,0.051037,0.0500,
144312,859,-43.5323,77960.85,0.10538,69.00,0.045204,0.0500,
144480,860,-45.1489,74428.87,0.06697,55.00,0.046145,0.0500,
144648,861,-45.1016,73194.73,0.08411,63.00,0.053280,0.0500,
144816,862,-41.3552,70899.28,0.07121,58.25,0.038548,0.0500,
144984,863,-78.1103,137716.53,0.07004,77.75,0.036031,0.0500,
145000,863,,,,,,,-57.1060
145152,864,-42.9728,66802.97,0.08453,56.75,0.023283,0.0500,
145320,865,-43.6687,76033.36,0.10345,69.00,0.018943,0.0500,
145488,866,-48.6609,80839.86,0.08288,57.00,0.047332,0.0500,
145656,867,-47.7877,76033.02,0.09684,66.25,0.053273,0.0500,
145824,868,-79.3615,151645.02,0.06514,84.25,0.048654,0.0500,
145992,869,-64.5813,91867.76,0.09504,74.50,0.053949,0.0500,
146160,870,-48.4211,71631.45,0.07745,57.50,0.029993,0.0500,
146328,871,-44.3730,65086.67,0.08891,61.50,0.056257,0.0500,
146496,872,-58.6818,101901.73,0.09679,72.25,0.022386,0.0500,
146664,873,-57.9483,92457.17,0.09745,75.50,0.033807,0.0500,
146832,874,-62.3123,90058.55,0.08277,66.25,0.037356,0.0500,
147000,875,-43.4809,64335.77,0.08224,58.75,0.043567,0.0500,
147168,876,-59.0823,94709.05,0.09667,76.25,0.025648,0.0500,
147336,877,-45.5793,77809.58,0.08047,63.25,0.040130,0.0500,
147504,878,-44.2409,78629.68,0.07861,59.00,0.037628,0.0500,
147672,879,-45.7883,62241.36,0.10646,56.00,0.057088,0.0500,
147840,880,-57.8510,90645.57,0.09416,71.50,0.037059,0.0500,
148008,881,-80.8018,139953.65,0.03678,72.25,0.026089,0.0500,
148176,882,-42.9716,76865.99,0.06021,50.75,0.025385,0.0500,
148344,883,-45.7877,75270.94,0.06577,54.75,0.025202,0.0500,
148512,884,-40.5049,72205.64,0.06035,51.00,0.070145,0.0500,
148680,885,-44.8060,65479.98,0.10537,66.75,0.053581,0.0500,
148848,886,-45.1803,71020.56,0.09103,62.50,0.035646,0.0500,
149016,887,-75.1533,154381.79,0.05094,81.00,0.050246,0.0500,
149184,888,-44.0512,71601.46,0.05652,48.50,0.032433,0.0500,
149352,889,-79.0760,141033.55,0.05549,75.25,0.050495,0.0500,
149520,890,-42.1864,71706.36,0.07411,50.00,0.038587,0.0500,
149688,891,-57.8614,91925.29,0.07283,65.25,0.040995,0.0500,
149856,892,-47.3083,61882.98,0.08417,48.50,0.040403,0.0500,
150000,892,,,,,,,-56.3646
150024,893,-44.4460,68056.25,0.07278,54.25,0.034169,0.0500,
150192,894,-68.9182,146231.41,0.02256,66.25,0.027091,0.0500,
150360,895,-44.9131,68734.52,0.06270,51.00,0.053076,0.0500,
150528,896,-44.7165,76768.42,0.08555,59.00,0.025070,0.0500,
150696,897,-65.5677,99830.67,0.08373,69.50,0.058666,0.0500,
150864,898,-74.9224,152567.43,0.06916,74.00,0.030932,0.0500,
151032,899,-43.0949,69784.66,0.07371,53.25,0.038925,0.0500,
151200,900,-63.5732,92228.37,0.08813,72.00,0.038388,0.0500,
151368,901,-72.8674,144808.36,0.08567,86.25,0.016742,0.0500,
151536,902,-41.8334,74400.22,0.09582,59.75,0.024760,0.0500,
151704,903,-40.8504,66974.25,0.07253,50.25,0.033507,0.0500,
151872,904,-45.4515,64007.04,0.08739,53.75,0.045541,0.0500,
152040,905,-46.0585,70415.59,0.10947,61.25,0.048224,0.0500,
152208,906,-80.3496,136737.37,0.03873,68.25,0.031800,0.0500,
152376,907,-45.7922,71989.69,0.07298,52.50,0.037544,0.0500,
152544,908,-46.5994,77039.75,0.08963,61.50,0.027346,0.0500,
152712,909,-59.9657,95970.86,0.05639,60.75,0.039041,0.0500,
152880,910,-44.5479,75943.31,0.07518,62.25,0.030918,0.0500,
153048,911,-48.2960,73210.62,0.09531,67.75,0.029664,0.0500,
153216,912,-55.9109,87211.60,0.08870,66.75,0.034690,0.0500,
153384,913,-67.0060,92309.60,0.06829,65.00,0.026609,0.0500,
153552,914,-77.8995,151877.31,0.02210,67.50,0.029472,0.0500,
153720,915,-44.3752,73793.44,0.09298,65.50,0.030487,0.0500,
153888,916,-42.6490,71173.18,0.10103,68.50,0.037347,0.0500,
154056,917,-45.8000,79543.72,0.10571,75.25,0.026751,0.0500,
154224,918,-43.4610,73627.06,0.08125,63.50,0.052682,0.0500,
154392,919,-44.3825,61732.77,0.09828,62.25,0.046715,0.0500,
154560,920,-71.4935,153846.53,0.04604,71.75,0.033756,0.0500,
154728,921,-56.5650,89149.29,0.09316,72.75,0.032680,0.0500,
154896,922,-73.1339,150983.88,0.04156,70.75,0.025077,0.0500,
155000,922,,,,,,,-54.8591
155064,923,-42.9519,69953.97,0.08035,61.50,0.041129,0.0500,
155232,924,-47.7256,62750.97,0.08345,59.50,0.028631,0.0500,
155400,925,-42.9948,72624.16,0.08975,63.75,0.036345,0.0500,
155568,926,-61.8321,104101.65,0.09159,77.25,0.032362,0.0500,
155736,927,-41.7321,75530.94,0.06175,54.75,0.026554,0.0500,
155904,928,-45.6920,62664.91,0.08357,52.50,0.026953,0.0500,
156072,929,-48.4996,65868.78,0.08528,58.00,0.033147,0.0500,
156240,930,-62.7082,94820.94,0.08067,69.25,0.029327,0.0500,
156408,931,-58.0475,104788.30,0.05293,58.75,0.022309,0.0500,
156576,932,-43.4548,80175.46,0.09986,71.00,0.027319,0.0500,
156744,933,-45.8963,69497.28,0.09343,62.50,0.030820,0.0500,
156912,934,-62.5362,85288.92,0.11383,82.75,0.032353,0.0500,
157080,935,-59.6184,91363.27,0.10723,78.50,0.031008,0.0500,
157248,936,-43.9622,65331.24,0.06193,45.25,0.037656,0.0500,
157416,937,-56.7051,98493.88,0.07663,65.75,0.056595,0.0500,
157584,938,-55.5617,96378.99,0.07908,66.75,0.050269,0.0500,
157752,939,-41.2869,64641.79,0.09676,64.50,0.030101,0.0500,
157920,940,-48.3466,68943.91,0.06451,52.50,0.015728,0.0500,
158088,941,-41.9673,73899.60,0.10778,68.50,0.059078,0.0500,
158256,942,-41.1068,70611.99,0.11005,69.00,0.059537,0.0500,
158424,943,-56.2090,101006.67,0.08980,74.00,0.026321,0.0500,
158592,944,-48.0878,74178.51,0.08440,65.50,0.040026,0.0500,
158760,945,-43.9984,73435.82,0.08162,60.25,0.015350,0.0500,
158928,946,-72.5606,149537.44,0.05267,73.50,0.030747,0.0500,
159096,947,-70.2942,147814.77,0.05311,78.00,0.033387,0.0500,
159264,948,-43.1710,76450.54,0.07047,54.25,0.020212,0.0500,
159432,949,-72.9756,148708.01,0.04751,77.00,0.021416,0.0500,
159600,950,-46.1950,82675.10,0.08327,68.50,0.031662,0.0500,
159768,951,-70.8516,135979.47,0.06850,79.75,0.023766,0.0500,
159936,952,-44.0688,68921.43,0.08887,60.50,0.039441,0.0500,
160000,952,,,,,,,-56.8143
160104,953,-76.8423,149306.48,0.05091,75.00,0.030046,0.0500,
160272,954,-46.7199,71660.13,0.08455,57.00,0.024348,0.0500,
160440,955,-45.1294,75138.97,0.07363,60.00,0.038010,0.0500,
160608,956,-45.0364,67651.79,0.09834,66.00,0.032280,0.0500,
160776,957,-42.4625,71830.86,0.07943,58.75,0.031239,0.0500,
160944,958,-48.5404,68935.61,0.10017,62.50,0.026978,0.0500,
161112,959,-59.0425,95626.17,0.10686,78.25,0.027884,0.0500,
161280,960,-59.8349,89801.98,0.09515,71.25,0.028032,0.0500,
161448,961,-45.9191,67990.39,0.10087,59.25,0.016606,0.0500,
161616,962,-46.0496,80206.54,0.09630,64.00,0.033519,0.0500,
161784,963,-44.3786,75258.67,0.07469,55.75,0.028627,0.0500,
161952,964,-41.4608,76735.77,0.07253,55.25,0.024780,0.0500,
162120,965,-44.3924,77714.57,0.07897,57.75,0.039775,0.0500,
162288,966,-70.6408,146425.85,0.05391,77.50,0.039599,0.0500,
162456,967,-42.8229,74329.38,0.07566,53.75,0.040841,0.0500,
162624,968,-40.5477,72024.42,0.06429,47.50,0.023135,0.0500,
162792,969,-45.1127,70677.33,0.04914,46.25,0.056559,0.0500,
162960,970,-42.0068,70116.60,0.04174,46.00,0.053618,0.0500,
163128,971,-42.9278,78391.36,0.05968,52.00,0.040943,0.0500,
163296,972,-75.0668,156140.63,0.05447,78.50,0.025543,0.0500,
163464,973,-45.9372,79916.29,0.06722,57.75,0.029728,0.0500,
163632,974,-43.4512,62612.53,0.08817,54.75,0.040709,0.0500,
163800,975,-41.3519,70057.46,0.07457,54.75,0.026849,0.0500,
163968,976,-74.5943,152128.36,0.06368,86.50,0.021698,0.0500,
164136,977,-56.4433,93339.57,0.10578,77.50,0.041225,0.0500,
164304,978,-42.7026,73207.95,0.06563,56.75,0.036110,0.0500,
164472,979,-56.2127,99448.26,0.10498,77.25,0.052028,0.0500,
164640,980,-59.7576,91743.56,0.10661,73.75,0.035628,0.0500,
164808,981,-66.0718,93931.17,0.12475,79.75,0.037658,0.0500,
164976,982,-40.3839,59700.97,0.08481,57.00,0.021998,0.0500,
165000,982,,,,,,,-57.6061
165144,983,-43.5102,68671.03,0.09205,61.25,0.021893,0.0500,
165312,984,-41.0746,76177.90,0.08681,62.75,0.036607,0.0500,
165480,985,-47.4085,76086.28,0.09660,60.00,0.057604,0.0500,
165648,986,-43.5620,74293.46,0.07965,56.75,0.033502,0.0500,
165816,987,-42.8777,75708.48,0.09403,61.50,0.064427,0.0500,
165984,988,-44.4377,80013.19,0.11467,69.75,0.052363,0.0500,
166152,989,-43.7386,75798.73,0.07790,58.50,0.028844,0.0500,
166320,990,-60.6719,83368.55,0.12703,81.50,0.035054,0.0500,
166488,991,-45.5014,75655.67,0.09123,60.50,0.048856,0.0500,
166656,992,-42.9509,77183.13,0.09162,59.25,0.054414,0.0500,
166824,993,-44.5317,72430.92,0.10169,63.75,0.037294,0.0500,
166992,994,-57.1196,95582.65,0.07021,62.25,0.049428,0.0500,
167160,995,-43.8241,72562.91,0.09150,60.00,0.024982,0.0500,
167328,996,-46.7420,70512.71,0.12001,76.00,0.028272,0.0500,
167496,997,-43.1351,74303.26,0.10494,61.50,0.028748,0.0500,
167664,998,-44.9007,70693.88,0.11629,64.50,0.042037,0.0500,
167832,999,-45.7578,68870.98,0.10854,64.25,0.025881,0.0500,
168000,1000,-56.9649,99622.45,0.09358,74.25,0.033044,0.0500,
168168,1001,-43.4479,67913.37,0.09575,57.00,0.047874,0.0500,
168336,1002,-43.8977,71930.62,0.09059,55.25,0.045234,0.0500,
168504,1003,-46.0707,74438.29,0.06779,50.25,0.045199,0.0500,
168672,1004,-51.9416,62190.03,0.07454,53.50,0.025727,0.0500,
168840,1005,-75.9846,149216.82,0.08149,83.25,0.029741,0.0500,
169008,1006,-75.1560,148860.75,0.03720,75.25,0.020590,0.0500,
169176,1007,-47.0075,73175.05,0.06594,49.00,0.049726,0.0500,
169344,1008,-80.4137,162816.26,0.10419,98.50,0.021507,0.0500,
169512,1009,-48.2309,75109.32,0.08202,59.75,0.021240,0.0500,
169680,1010,-82.8003,170803.25,0.13209,110.00,0.055864,0.0500,
169848,1011,-43.1522,67311.36,0.10538,66.00,0.031382,0.0500,
170000,1011,,,,,,,-59.4534
170016,1012,-40.5931,69750.05,0.10607,61.75,0.040026,0.0500,
170184,1013,-41.6349,76696.79,0.08419,60.50,0.030768,0.0500,
170352,1014,-43.6688,66093.99,0.06505,48.50,0.022027,0.0500,
170520,1015,-41.6460,73678.69,0.11504,71.75,0.027331,0.0500,
170688,1016,-63.1572,95177.20,0.11762,79.75,0.019036,0.0500,
170856,1017,-81.3136,162474.18,0.06657,86.50,0.035738,0.0500,
171024,1018,-47.7576,77156.01,0.08224,59.25,0.029020,0.0500,
171192,1019,-88.2551,190023.21,0.17268,123.50,0.031527,0.0500,
171360,1020,-77.7359,169464.87,0.07879,95.25,0.071142,0.0500,
171528,1021,-56.2254,95628.62,0.08676,68.50,0.042082,0.0500,
171696,1022,-47.6288,71605.24,0.11275,71.50,0.040865,0.0500,
171864,1023,-41.4687,70206.16,0.08461,62.50,0.031802,0.0500,
172032,1024,-96.1636,201994.19,0.13460,108.00,0.039828,0.0500,
172200,1025,-80.7810,168621.96,0.08410,96.25,0.033750,0.0500,
172368,1026,-76.5562,160680.77,0.02743,72.00,0.062926,0.0500,
172536,1027,-80.2925,173847.13,0.07254,95.50,0.039797,0.0500,
172704,1028,-47.8103,76930.81,0.10495,69.50,0.022386,0.0500,
172872,1029,-73.6409,156578.37,0.06968,91.75,0.027751,0.0500,
173040,1030,-45.2280,83666.67,0.12413,82.75,0.051035,0.0500,
173208,1031,-42.6141,77128.09,0.09637,64.25,0.039081,0.0500,
173376,1032,-47.9664,73706.79,0.11554,72.75,0.047065,0.0500,
173544,1033,-39.3404,73073.87,0.09640,67.00,0.047320,0.0500,
173712,1034,-55.1807,90889.98,0.12658,79.50,0.027393,0.0500,
173880,1035,-47.2153,71136.38,0.09549,59.75,0.023533,0.0500,
174048,1036,-46.8225,77505.94,0.11341,65.00,0.043124,0.0500,
174216,1037,-63.8834,91891.55,0.12820,79.25,0.025720,0.0500,
174384,1038,-78.2646,168498.42,0.08073,95.25,0.051986,0.0500,
174552,1039,-44.0931,70919.32,0.12208,66.75,0.038256,0.0500,
174720,1040,-46.2821,78924.31,0.13398,80.00,0.020602,0.0500,
174888,1041,-46.2407,74540.00,0.09163,61.75,0.044239,0.0500,
175000,1041,,,,,,,-67.6435
175056,1042,-46.4268,69307.07,0.08886,56.25,0.023297,0.0500,
175224,1043,-58.5280,95717.14,0.10633,75.75,0.046534,0.0500,
175392,1044,-48.1524,68165.71,0.10459,61.75,0.035374,0.0500,
175560,1045,-41.4584,68848.48,0.09718,64.25,0.043173,0.0500,
175728,1046,-41.5554,72651.37,0.10940,66.00,0.027296,0.0500,
175896,1047,-82.4720,174469.65,0.10904,93.50,0.049796,0.0500,
176064,1048,-65.4466,127966.57,0.09327,83.25,0.041874,0.0500,
176232,1049,-45.5771,67588.63,0.09794,59.00,0.043831,0.0500,
176400,1050,-47.9892,67476.20,0.10011,56.50,0.031953,0.0500,
176568,1051,-82.7293,174996.43,0.07993,98.50,0.027794,0.0500,
176736,1052,-55.0879,92737.13,0.13745,85.25,0.019768,0.0500,
176904,1053,-43.6979,71533.08,0.10216,57.25,0.030731,0.0500,
177072,1054,-91.3045,193685.14,0.07321,99.50,0.042357,0.0500,
177240,1055,-48.1068,66184.10,0.09830,59.00,0.022942,0.0500,
177408,1056,-83.3012,189450.03,0.08773,102.75,0.030896,0.0500,
177576,1057,-46.0606,71794.51,0.07755,52.00,0.018008,0.0500,
177744,1058,-57.4801,88347.36,0.09474,65.75,0.026399,0.0500,
177912,1059,-43.8952,72382.37,0.09892,64.75,0.030180,0.0500,
178080,1060,-53.3715,94553.80,0.12259,78.25,0.025386,0.0500,
178248,1061,-45.1670,74900.64,0.11593,70.00,0.055034,0.0500,
178416,1062,-42.5007,69644.29,0.08750,57.00,0.025821,0.0500,
178584,1063,-55.1764,95018.15,0.10877,77.75,0.028546,0.0500,
178752,1064,-81.4765,184232.07,0.07999,95.50,0.022813,0.0500,
178920,1065,-41.0833,71955.12,0.11294,70.00,0.069406,0.0500,
179088,1066,-41.2849,66101.67,0.09508,60.25,0.048786,0.0500,
179256,1067,-58.5369,98072.12,0.10455,72.00,0.027099,0.0500,
179424,1068,-44.3598,77429.61,0.10048,59.50,0.033391,0.0500,
179592,1069,-44.9436,75956.70,0.10929,65.25,0.056958,0.0500,
179760,1070,-54.6220,96582.05,0.10509,73.50,0.048579,0.0500,
179928,1071,-60.6953,89870.75,0.12132,78.75,0.028570,0.0500,
180000,1071,,,,,,,-58.3218
180096,1072,-43.4087,79951.46,0.10082,64.25,0.032694,0.0500,
180264,1073,-54.8932,101538.73,0.12669,87.75,0.056587,0.0500,
180432,1074,-81.5820,178150.55,0.06206,99.00,0.034675,0.0500,
180600,1075,-57.8159,101386.34,0.13642,93.50,0.023190,0.0500,
180768,1076,-41.3129,77889.75,0.09060,58.50,0.038859,0.0500,
180936,1077,-75.7433,159025.60,0.07299,91.75,0.050660,0.0500,
181104,1078,-58.8398,99716.41,0.11300,85.50,0.020835,0.0500,
181272,1079,-46.3492,84174.30,0.08077,67.50,0.034776,0.0500,
181440,1080,-55.9477,97032.91,0.12999,81.25,0.027023,0.0500,
181608,1081,-41.8652,76952.84,0.13571,75.00,0.026068,0.0500,
181776,1082,-44.8538,71425.33,0.11934,66.00,0.029944,0.0500,
181944,1083,-58.6444,97013.58,0.13267,81.25,0.029137,0.0500,
182112,1084,-47.1061,59704.19,0.10989,58.75,0.031541,0.0500,
182280,1085,-56.2033,90071.16,0.11931,74.25,0.040882,0.0500,
182448,1086,-78.8122,151128.35,0.05716,80.00,0.074799,0.0500,
182616,1087,-51.9286,77515.14,0.10927,62.25,0.029431,0.0500,
182784,1088,-56.6910,82527.74,0.13560,84.00,0.024043,0.0500,
182952,1089,-42.2327,63578.76,0.11757,63.00,0.044034,0.0500,
183120,1090,-41.2828,70194.98,0.11239,65.25,0.034282,0.0500,
183288,1091,-42.4364,66993.01,0.10130,63.50,0.030933,0.0500,
183456,1092,-78.7095,152025.03,0.07198,87.50,0.080075,0.0500,
183624,1093,-44.5520,78403.37,0.11137,69.50,0.023816,0.0500,
183792,1094,-59.6897,93774.86,0.11377,80.25,0.026188,0.0500,
183960,1095,-43.5445,77862.20,0.11387,66.00,0.023077,0.0500,
184128,1096,-58.5115,98593.29,0.14316,88.25,0.039752,0.0500,
184296,1097,-43.7927,72682.38,0.09700,62.75,0.025742,0.0500,
184464,1098,-39.8083,71205.08,0.11279,57.50,0.062005,0.0500,
184632,1099,-61.1281,90273.84,0.14157,84.75,0.025217,0.0500,
184800,1100,-40.0344,76134.59,0.07313,56.25,0.037887,0.0500,
184968,1101,-57.4702,92768.92,0.13733,76.25,0.032220,0.0500,
185000,1101,,,,,,,-57.5737
185136,1102,-43.3655,74650.28,0.10552,64.00,0.036898,0.0500,
185304,1103,-40.6858,72182.08,0.06953,51.75,0.018771,0.0500,
185472,1104,-77.6835,148308.41,0.02905,71.25,0.028834,0.0500,
185640,1105,-75.4034,156273.19,0.09414,91.25,0.057332,0.0500,
185808,1106,-52.3146,61808.95,0.14301,70.25,0.038792,0.0500,
185976,1107,-78.2760,148077.96,0.10528,86.75,0.043723,0.0500,
186144,1108,-75.8024,146544.15,0.07663,87.50,0.041629,0.0500,
186312,1109,-55.4798,96867.11,0.09234,75.00,0.021541,0.0500,
186480,1110,-45.2409,63829.05,0.07112,47.75,0.062497,0.0500,
186648,1111,-45.9556,75485.51,0.07440,57.50,0.025842,0.0500,
186816,1112,-74.9294,161296.79,0.01916,73.75,0.056697,0.0500,
186984,1113,-71.1194,142495.03,0.06473,78.75,0.025577,0.0500,
187152,1114,-48.1124,67666.11,0.08326,55.50,0.050384,0.0500,
187320,1115,-45.2013,68139.01,0.07901,47.50,0.037340,0.0500,
187488,1116,-49.1057,65382.62,0.08777,52.50,0.036667,0.0500,
187656,1117,-43.5802,68711.84,0.09820,58.25,0.047729,0.0500,
187824,1118,-43.6667,73742.38,0.08314,57.50,0.022955,0.0500,
187992,1119,-44.8087,70138.07,0.08851,56.50,0.045771,0.0500,
188160,1120,-41.3703,75636.24,0.08618,55.00,0.051956,0.0500,
188328,1121,-78.0948,159573.39,0.10175,101.00,0.025089,0.0500,
188496,1122,-45.4224,77869.33,0.09105,61.00,0.018783,0.0500,
188664,1123,-46.8865,77576.15,0.10507,66.75,0.032515,0.0500,
188832,1124,-41.6432,69398.16,0.10008,66.50,0.038145,0.0500,
189000,1125,-87.2148,193496.55,0.06201,87.50,0.032577,0.0500,
189168,1126,-44.5629,66059.09,0.04918,43.50,0.084102,0.0500,
189336,1127,-43.6182,78715.34,0.08105,59.75,0.031768,0.0500,
189504,1128,-56.8950,85830.82,0.12682,81.75,0.025443,0.0500,
189672,1129,-46.4778,75433.71,0.09431,62.50,0.043985,0.0500,
189840,1130,-87.5737,185011.19,0.06814,90.25,0.084265,0.0500,
190000,1130,,,,,,,-59.4299
190008,1131,-76.3721,157905.01,0.05191,83.75,0.031831,0.0500,
190176,1132,-60.5632,91831.07,0.14094,87.00,0.024465,0.0500,
190344,1133,-42.3099,71969.42,0.08807,58.25,0.037393,0.0500,
190512,1134,-49.6928,76671.20,0.08563,57.75,0.024409,0.0500,
190680,1135,-45.8604,63923.75,0.10095,54.50,0.031800,0.0500,
190848,1136,-55.2016,76449.07,0.13122,78.00,0.022105,0.0500,
191016,1137,-44.4036,68153.95,0.09649,59.25,0.036140,0.0500,
191184,1138,-48.5289,69422.38,0.12411,68.75,0.033613,0.0500,
191352,1139,-41.4937,71956.60,0.07678,52.75,0.051105,0.0500,
191520,1140,-47.4572,74137.89,0.11336,66.75,0.023304,0.0500,
191688,1141,-46.6884,69719.28,0.08247,57.75,0.029520,0.0500,
191856,1142,-74.2120,150739.41,0.07161,86.00,0.080295,0.0500,
192024,1143,-81.2331,171287.13,0.03176,78.25,0.063616,0.0500,
192192,1144,-42.5775,68055.85,0.08710,53.50,0.046937,0.0500,
192360,1145,-46.3599,62435.80,0.07272,51.25,0.034218,0.0500,
192528,1146,-72.2411,135425.09,0.08361,86.75,0.059747,0.0500,
192696,1147,-43.7496,67765.44,0.09568,61.00,0.062944,0.0500,
192864,1148,-46.2580,71979.52,0.10805,67.25,0.022708,0.0500,
193032,1149,-42.1694,78272.85,0.08903,61.00,0.032697,0.0500,
193200,1150,-81.0666,159674.77,0.05985,81.00,0.039943,0.0500,
193368,1151,-76.5226,156697.06,0.08532,86.75,0.046709,0.0500,
193536,1152,-72.4979,136770.66,0.07219,75.00,0.017290,0.0500,
193704,1153,-79.0427,140556.28,0.05920,79.00,0.046123,0.0500,
193872,1154,-42.6068,70103.88,0.09111,57.75,0.037360,0.0500,
194040,1155,-47.5819,77955.66,0.10731,71.00,0.023770,0.0500,
194208,1156,-75.7181,152081.75,0.09569,93.75,0.021262,0.0500,
194376,1157,-44.9110,67298.27,0.11229,60.50,0.033460,0.0500,
194544,1158,-49.2452,77733.85,0.11598,71.00,0.026282,0.0500,
194712,1159,-46.3290,77661.99,0.10240,68.50,0.040999,0.0500,
194880,1160,-56.5987,89826.41,0.13043,90.00,0.041428,0.0500,
195000,1160,,,,,,,-55.2785
195048,1161,-43.0348,72734.07,0.09191,59.75,0.019062,0.0500,
195216,1162,-75.7231,139253.81,0.09137,89.25,0.056840,0.0500,
195384,1163,-42.1629,73441.65,0.11803,71.00,0.025552,0.0500,
195552,1164,-75.8924,138750.97,0.10233,92.50,0.036124,0.0500,
195720,1165,-54.7036,93196.43,0.11105,81.00,0.033984,0.0500,
195888,1166,-44.7489,68486.83,0.08114,58.75,0.026677,0.0500,
196056,1167,-41.1766,76766.29,0.08670,62.25,0.026334,0.0500,
196224,1168,-44.7243,83123.79,0.08576,67.00,0.037748,0.0500,
196392,1169,-74.3358,140085.13,0.07204,82.00,0.050689,0.0500,
196560,1170,-59.2290,84432.11,0.07179,58.25,0.020433,0.0500,
196728,1171,-72.9893,143052.35,0.04920,68.50,0.026735,0.0500,
196896,1172,-74.7729,150264.05,0.06280,77.50,0.027839,0.0500,
197064,1173,-43.2296,73214.26,0.04669,45.50,0.022082,0.0500,
197232,1174,-61.0373,92709.60,0.09895,70.75,0.025149,0.0500,
197400,1175,-43.6880,70005.14,0.05675,46.00,0.038201,0.0500,
197568,1176,-45.1810,71159.38,0.06953,53.25,0.021943,0.0500,
197736,1177,-43.8556,72128.69,0.06349,50.00,0.023594,0.0500,
197904,1178,-72.9942,141510.90,0.07120,83.00,0.023901,0.0500,
198072,1179,-42.8358,71767.95,0.09399,55.50,0.022589,0.0500,
198240,1180,-43.3210,70051.90,0.09540,60.25,0.022160,0.0500,
198408,1181,-43.9152,73425.16,0.08606,56.25,0.032973,0.0500,
198576,1182,-71.7608,143894.44,0.06956,78.75,0.014731,0.0500,
198744,1183,-40.9385,74982.28,0.07739,54.50,0.028005,0.0500,
198912,1184,-43.0378,71159.83,0.10872,66.25,0.031665,0.0500,
199080,1185,-69.5843,143060.49,0.07361,77.50,0.022711,0.0500,
199248,1186,-69.9909,143647.11,0.05159,75.75,0.039734,0.0500,
199416,1187,-59.5135,101830.66,0.09068,72.00,0.046638,0.0500,
199584,1188,-42.8180,77050.79,0.09964,64.25,0.051962,0.0500,
199752,1189,-41.9763,78991.04,0.08374,57.50,0.031732,0.0500,
199920,1190,-42.4923,74320.47,0.09498,62.50,0.020339,0.0500,
200000,1190,,,,,,,-56.8227
