step,episode,episode_return,episode_wue,loss,epsilon,eval_return
168,1,-98.7917,183626.08,0.575005,0.9973,
336,2,-75.5073,171480.26,0.223240,0.9947,
504,3,-80.8408,186230.51,0.156316,0.9920,
672,4,-104.4604,186715.98,0.102476,0.9894,
840,5,-81.1657,190515.47,0.054300,0.9867,
1008,6,-98.0582,202660.21,0.034793,0.9840,
1176,7,-100.0654,203762.71,0.024373,0.9814,
1344,8,-95.1830,190892.57,0.040169,0.9787,
1512,9,-80.9106,182110.77,0.017377,0.9761,
1680,10,-77.8728,176896.83,0.009708,0.9734,
1848,11,-89.1678,192468.52,0.038779,0.9707,
2016,12,-77.2400,175794.00,0.019232,0.9681,
2184,13,-76.8110,175419.29,0.013010,0.9654,
2352,14,-91.3967,192776.21,0.018480,0.9628,
2520,15,-82.0445,180894.54,0.007451,0.9601,
2688,16,-91.7661,195273.98,0.013228,0.9574,
2856,17,-72.6193,167573.88,0.011289,0.9548,
3024,18,-76.3560,170181.78,0.025641,0.9521,
3192,19,-76.8415,168245.09,0.011025,0.9495,
3360,20,-75.0804,167918.28,0.012171,0.9468,
3528,21,-78.2933,177037.40,0.008420,0.9441,
3696,22,-77.0029,175848.65,0.007460,0.9415,
3864,23,-76.7338,173559.53,0.007430,0.9388,
4032,24,-82.4908,175990.38,0.011079,0.9362,
4200,25,-92.9490,192207.89,0.016343,0.9335,
4368,26,-75.4473,168894.45,0.012412,0.9308,
4536,27,-73.4832,168899.23,0.012271,0.9282,
4704,28,-96.6438,192725.46,0.010859,0.9255,
4872,29,-73.7351,167972.72,0.016255,0.9229,
5040,30,-92.9324,183480.20,0.013460,0.9202,
5208,31,-95.7999,181815.86,0.014615,0.9175,
5376,32,-75.1325,170448.79,0.019509,0.9149,
5544,33,-75.8783,165159.62,0.016828,0.9122,
5712,34,-73.7876,166978.84,0.027432,0.9096,
5880,35,-71.8985,161526.29,0.013898,0.9069,
6048,36,-94.9700,188484.40,0.016473,0.9042,
6216,37,-73.7933,165012.89,0.018556,0.9016,
6384,38,-98.0649,185755.56,0.012472,0.8989,
6552,39,-80.4702,166670.93,0.014014,0.8963,
6720,40,-92.0015,179399.23,0.027486,0.8936,
6888,41,-76.0002,163992.04,0.019572,0.8909,
7056,42,-75.6301,173856.20,0.019860,0.8883,
7224,43,-71.1658,157578.61,0.018558,0.8856,
7392,44,-71.6204,162070.69,0.018787,0.8830,
7560,45,-94.7537,190559.35,0.017529,0.8803,
7728,46,-73.6628,166736.91,0.024971,0.8776,
7896,47,-74.3237,175115.82,0.024915,0.8750,
8064,48,-75.1644,172351.30,0.023040,0.8723,
8232,49,-73.9158,169010.34,0.015214,0.8697,
8400,50,-74.0500,163969.20,0.025051,0.8670,
8568,51,-71.1349,156155.11,0.024131,0.8643,
8736,52,-92.3233,188644.18,0.022875,0.8617,
8904,53,-95.9705,185279.73,0.028253,0.8590,
9072,54,-73.9453,158539.67,0.053675,0.8564,
9240,55,-73.5049,165871.35,0.032093,0.8537,
9408,56,-99.1134,193889.99,0.027222,0.8510,
9576,57,-73.5211,167230.50,0.023141,0.8484,
9744,58,-95.5053,183548.97,0.025172,0.8457,
9912,59,-76.8144,174378.25,0.026175,0.8431,
10000,59,,,,,-59.5131
10080,60,-72.9957,167448.41,0.041750,0.8404,
10248,61,-71.3477,158417.37,0.028266,0.8377,
10416,62,-73.2696,169266.91,0.017106,0.8351,
10584,63,-70.3805,159512.18,0.030012,0.8324,
10752,64,-71.0453,157392.97,0.034266,0.8298,
10920,65,-72.1719,166699.98,0.036164,0.8271,
11088,66,-92.3380,175635.99,0.024222,0.8244,
11256,67,-93.9308,188510.18,0.028958,0.8218,
11424,68,-70.2062,155038.63,0.036261,0.8191,
11592,69,-73.1666,158616.55,0.039049,0.8165,
11760,70,-68.1785,157304.33,0.017044,0.8138,
11928,71,-79.7456,166001.79,0.030345,0.8111,
12096,72,-72.2429,161912.18,0.027501,0.8085,
12264,73,-95.9416,186896.82,0.040318,0.8058,
12432,74,-68.1264,155667.56,0.032784,0.8032,
12600,75,-76.7458,160796.62,0.034719,0.8005,
12768,76,-91.7145,187095.33,0.039697,0.7978,
12936,77,-69.0215,157032.38,0.040279,0.7952,
13104,78,-70.1667,160413.72,0.029156,0.7925,
13272,79,-69.4528,158977.69,0.035199,0.7899,
13440,80,-66.7925,150580.09,0.040822,0.7872,
13608,81,-76.5796,164757.71,0.039331,0.7845,
13776,82,-95.8766,196494.56,0.059688,0.7819,
13944,83,-71.1837,155824.58,0.030154,0.7792,
14112,84,-71.9103,162999.80,0.031166,0.7766,
14280,85,-71.5331,163209.44,0.035869,0.7739,
14448,86,-70.6181,159606.24,0.029657,0.7712,
14616,87,-70.5823,150693.19,0.034434,0.7686,
14784,88,-71.0182,157944.60,0.048063,0.7659,
14952,89,-71.0361,153494.36,0.028172,0.7633,
15120,90,-73.4597,158235.29,0.023976,0.7606,
15288,91,-76.2061,163215.10,0.032985,0.7579,
15456,92,-66.4104,148915.74,0.032650,0.7553,
15624,93,-69.5564,141735.02,0.035073,0.7526,
15792,94,-65.0906,142366.31,0.043382,0.7500,
15960,95,-88.3691,186123.83,0.057775,0.7473,
16128,96,-71.0403,149893.93,0.042431,0.7446,
16296,97,-66.8292,146237.36,0.035386,0.7420,
16464,98,-69.8026,155761.02,0.030494,0.7393,
16632,99,-69.2842,152793.64,0.032867,0.7367,
16800,100,-70.3001,138315.86,0.038659,0.7340,
16968,101,-93.6805,178395.74,0.032597,0.7313,
17136,102,-87.5599,178884.04,0.030378,0.7287,
17304,103,-67.2240,142819.67,0.064158,0.7260,
17472,104,-71.7409,153154.44,0.056852,0.7234,
17640,105,-74.1866,156677.81,0.062903,0.7207,
17808,106,-90.8632,173647.55,0.037852,0.7180,
17976,107,-83.8419,183453.49,0.029560,0.7154,
18144,108,-71.1352,152681.08,0.058159,0.7127,
18312,109,-69.0581,155142.28,0.039684,0.7101,
18480,110,-63.6248,139265.15,0.064499,0.7074,
18648,111,-67.8410,148021.56,0.041870,0.7047,
18816,112,-64.3041,142249.69,0.031853,0.7021,
18984,113,-72.5936,148075.80,0.051197,0.6994,
19152,114,-93.7536,178425.36,0.059231,0.6968,
19320,115,-86.2849,174385.85,0.049292,0.6941,
19488,116,-90.6948,183946.48,0.032204,0.6914,
19656,117,-66.1080,144598.23,0.045669,0.6888,
19824,118,-75.4009,154113.58,0.055855,0.6861,
19992,119,-91.1950,184268.41,0.036125,0.6835,
20000,119,,,,,-59.5563
20160,120,-87.0393,173710.73,0.044366,0.6808,
20328,121,-65.2557,143756.19,0.067261,0.6781,
20496,122,-65.4749,141244.23,0.031824,0.6755,
20664,123,-67.1439,151434.63,0.050760,0.6728,
20832,124,-63.5943,138671.42,0.056160,0.6702,
21000,125,-91.5390,177990.82,0.034854,0.6675,
21168,126,-65.4875,138190.62,0.038600,0.6648,
21336,127,-63.9312,140750.47,0.041501,0.6622,
21504,128,-74.7689,156735.10,0.055845,0.6595,
21672,129,-63.0968,137563.92,0.067710,0.6569,
21840,130,-64.7791,141047.56,0.040755,0.6542,
22008,131,-65.8172,145226.41,0.068381,0.6515,
22176,132,-65.5761,143377.19,0.047851,0.6489,
22344,133,-63.8280,142335.02,0.025257,0.6462,
22512,134,-64.2444,146725.69,0.042714,0.6436,
22680,135,-70.4036,146188.27,0.030580,0.6409,
22848,136,-66.4189,144708.83,0.042755,0.6382,
23016,137,-65.1560,136413.57,0.038046,0.6356,
23184,138,-88.0389,183356.20,0.083694,0.6329,
23352,139,-76.7789,136569.06,0.073194,0.6303,
23520,140,-66.2099,131319.67,0.060706,0.6276,
23688,141,-62.7306,133655.07,0.057952,0.6249,
23856,142,-84.7520,180438.36,0.054804,0.6223,
24024,143,-60.7593,130347.24,0.047129,0.6196,
24192,144,-64.5816,131803.96,0.046253,0.6170,
24360,145,-85.1159,182446.60,0.043177,0.6143,
24528,146,-66.9174,143972.09,0.039467,0.6116,
24696,147,-61.9019,137277.02,0.035267,0.6090,
24864,148,-68.1980,147308.94,0.055150,0.6063,
25032,149,-63.9164,135403.79,0.034750,0.6037,
25200,150,-89.0944,175419.59,0.044949,0.6010,
25368,151,-62.9625,134215.99,0.046259,0.5983,
25536,152,-62.8413,129496.03,0.039862,0.5957,
25704,153,-90.9996,171521.50,0.034743,0.5930,
25872,154,-59.4970,127999.87,0.059278,0.5904,
26040,155,-64.7120,131256.75,0.063282,0.5877,
26208,156,-86.9149,178953.67,0.049752,0.5850,
26376,157,-62.2455,131337.86,0.057103,0.5824,
26544,158,-61.5574,126528.85,0.056749,0.5797,
26712,159,-84.7480,165525.21,0.065204,0.5771,
26880,160,-62.8580,127186.88,0.044046,0.5744,
27048,161,-71.0570,141384.91,0.044473,0.5717,
27216,162,-58.3078,122580.10,0.066013,0.5691,
27384,163,-63.8654,127995.86,0.049562,0.5664,
27552,164,-58.1187,124909.61,0.045619,0.5638,
27720,165,-59.9889,122365.58,0.051231,0.5611,
27888,166,-85.7976,183129.74,0.033659,0.5584,
28056,167,-66.3819,134264.79,0.064813,0.5558,
28224,168,-61.0893,118133.48,0.057400,0.5531,
28392,169,-59.8275,124637.26,0.038046,0.5505,
28560,170,-82.9013,173222.29,0.042017,0.5478,
28728,171,-91.0637,177807.65,0.053198,0.5451,
28896,172,-71.2585,142841.77,0.034009,0.5425,
29064,173,-90.4570,171931.72,0.051531,0.5398,
29232,174,-71.1549,134822.49,0.043303,0.5372,
29400,175,-84.6278,169210.42,0.060477,0.5345,
29568,176,-57.0980,111597.27,0.047136,0.5318,
29736,177,-55.9622,114924.03,0.048394,0.5292,
29904,178,-82.8508,174253.61,0.039920,0.5265,
30000,178,,,,,-57.9684
30072,179,-61.1456,130898.62,0.054493,0.5239,
30240,180,-59.4191,125963.13,0.046322,0.5212,
30408,181,-62.1087,131585.31,0.066347,0.5185,
30576,182,-61.9986,128963.60,0.060105,0.5159,
30744,183,-60.5860,122351.64,0.057896,0.5132,
30912,184,-68.3074,139844.10,0.064211,0.5106,
31080,185,-69.5349,143504.50,0.033872,0.5079,
31248,186,-64.6909,120728.40,0.040699,0.5052,
31416,187,-64.9834,116840.13,0.067176,0.5026,
31584,188,-58.0025,117062.64,0.060362,0.4999,
31752,189,-57.8677,116831.77,0.066019,0.4973,
31920,190,-67.7745,140041.24,0.040980,0.4946,
32088,191,-61.1177,118381.31,0.060700,0.4919,
32256,192,-90.8469,177304.16,0.034918,0.4893,
32424,193,-55.2394,110826.21,0.069251,0.4866,
32592,194,-61.1384,123737.83,0.050026,0.4840,
32760,195,-61.7496,121124.54,0.048769,0.4813,
32928,196,-55.8016,120662.93,0.066819,0.4786,
33096,197,-57.9571,121985.16,0.071205,0.4760,
33264,198,-59.0184,120169.57,0.045446,0.4733,
33432,199,-63.9863,128416.97,0.067422,0.4707,
33600,200,-58.4126,115933.51,0.039018,0.4680,
33768,201,-57.9255,114408.25,0.054332,0.4653,
33936,202,-69.7745,128107.92,0.058616,0.4627,
34104,203,-83.2165,166347.59,0.038160,0.4600,
34272,204,-85.1436,180765.53,0.052150,0.4574,
34440,205,-54.4064,100892.80,0.056584,0.4547,
34608,206,-59.3189,111478.15,0.065229,0.4520,
34776,207,-57.8424,114167.75,0.058725,0.4494,
34944,208,-57.4992,111720.52,0.041304,0.4467,
35112,209,-58.5598,118440.35,0.035962,0.4441,
35280,210,-86.2477,156578.45,0.083070,0.4414,
35448,211,-71.0519,120237.70,0.050774,0.4387,
35616,212,-58.4809,122006.48,0.046272,0.4361,
35784,213,-56.6418,118352.49,0.039854,0.4334,
35952,214,-69.1612,126646.44,0.042616,0.4308,
36120,215,-58.5943,129428.18,0.070971,0.4281,
36288,216,-59.2434,112920.83,0.039909,0.4254,
36456,217,-56.4351,112497.23,0.065986,0.4228,
36624,218,-67.7238,129211.78,0.049165,0.4201,
36792,219,-84.2250,170018.40,0.056693,0.4175,
36960,220,-58.0871,115723.53,0.053700,0.4148,
37128,221,-56.1378,119659.94,0.051728,0.4121,
37296,222,-67.6673,133349.92,0.048059,0.4095,
37464,223,-82.3244,169526.91,0.039373,0.4068,
37632,224,-54.8076,113260.12,0.052744,0.4042,
37800,225,-53.2340,104332.79,0.058186,0.4015,
37968,226,-56.0422,104434.72,0.048920,0.3988,
38136,227,-61.5472,120013.07,0.059483,0.3962,
38304,228,-85.1170,173941.64,0.038992,0.3935,
38472,229,-52.7758,111485.52,0.056783,0.3909,
38640,230,-85.6229,159680.23,0.037575,0.3882,
38808,231,-81.3777,161275.48,0.050536,0.3855,
38976,232,-82.3259,174511.10,0.054286,0.3829,
39144,233,-62.7788,120139.45,0.049865,0.3802,
39312,234,-64.7871,121332.33,0.043133,0.3776,
39480,235,-55.0063,108104.92,0.049318,0.3749,
39648,236,-81.4560,171728.65,0.055707,0.3722,
39816,237,-54.5199,112014.11,0.048145,0.3696,
39984,238,-50.8328,102924.89,0.045447,0.3669,
40000,238,,,,,-56.8486
40152,239,-51.8496,110403.63,0.046175,0.3643,
40320,240,-56.0750,113648.11,0.044706,0.3616,
40488,241,-53.5874,110318.90,0.039805,0.3589,
40656,242,-78.2234,162959.40,0.037934,0.3563,
40824,243,-63.9436,130545.49,0.043013,0.3536,
40992,244,-54.9841,104835.01,0.043060,0.3510,
41160,245,-51.2782,107466.09,0.035515,0.3483,
41328,246,-83.7617,170169.58,0.031759,0.3456,
41496,247,-68.5522,123173.55,0.039118,0.3430,
41664,248,-54.8912,112893.18,0.061144,0.3403,
41832,249,-50.9808,103245.98,0.065897,0.3377,
42000,250,-76.9313,145540.65,0.052213,0.3350,
42168,251,-82.4523,161334.96,0.046768,0.3323,
42336,252,-76.3198,155403.20,0.038128,0.3297,
42504,253,-78.1749,145676.29,0.040376,0.3270,
42672,254,-63.9195,113713.28,0.042046,0.3244,
42840,255,-80.8085,153209.74,0.046359,0.3217,
43008,256,-66.6307,112918.59,0.056908,0.3190,
43176,257,-51.3361,103164.28,0.064633,0.3164,
43344,258,-53.9007,106001.37,0.042143,0.3137,
43512,259,-79.7835,164455.13,0.048464,0.3111,
43680,260,-68.9181,121782.14,0.054984,0.3084,
43848,261,-52.8454,107265.28,0.031175,0.3057,
44016,262,-51.0399,103972.04,0.059558,0.3031,
44184,263,-53.3973,113581.81,0.048318,0.3004,
44352,264,-50.9428,98703.60,0.041696,0.2978,
44520,265,-50.1877,107983.47,0.045865,0.2951,
44688,266,-78.4774,157545.54,0.066446,0.2924,
44856,267,-53.4216,104069.35,0.032804,0.2898,
45024,268,-48.6915,97365.32,0.037456,0.2871,
45192,269,-83.4227,155637.81,0.047363,0.2845,
45360,270,-51.5440,102501.93,0.046579,0.2818,
45528,271,-81.8391,165381.68,0.049566,0.2791,
45696,272,-50.0126,99327.79,0.037444,0.2765,
45864,273,-53.3768,101034.56,0.051910,0.2738,
46032,274,-48.9669,95383.28,0.042809,0.2712,
46200,275,-79.9182,147986.40,0.041069,0.2685,
46368,276,-66.6389,125346.43,0.065662,0.2658,
46536,277,-77.5714,162101.78,0.069202,0.2632,
46704,278,-59.6670,116250.62,0.075859,0.2605,
46872,279,-53.6785,99307.36,0.059424,0.2579,
47040,280,-50.8752,105439.84,0.052152,0.2552,
47208,281,-75.8865,165944.67,0.039509,0.2525,
47376,282,-47.3433,98350.92,0.064415,0.2499,
47544,283,-50.3312,90026.33,0.042220,0.2472,
47712,284,-80.2832,160181.63,0.050100,0.2446,
47880,285,-59.9718,110512.51,0.053923,0.2419,
48048,286,-49.1923,98539.09,0.041323,0.2392,
48216,287,-47.5643,93564.59,0.065591,0.2366,
48384,288,-49.4541,105404.49,0.052021,0.2339,
48552,289,-52.2310,99641.63,0.062350,0.2313,
48720,290,-82.7884,143349.37,0.042439,0.2286,
48888,291,-49.3967,95997.09,0.047356,0.2259,
49056,292,-51.9183,101455.96,0.057195,0.2233,
49224,293,-50.5628,106391.35,0.065155,0.2206,
49392,294,-84.0117,162504.33,0.061418,0.2180,
49560,295,-50.7066,90453.59,0.069961,0.2153,
49728,296,-55.6038,95900.96,0.053286,0.2126,
49896,297,-51.5255,92993.42,0.053351,0.2100,
50000,297,,,,,-56.4950
50064,298,-73.8821,148140.20,0.055856,0.2073,
50232,299,-72.7071,155116.25,0.053216,0.2047,
50400,300,-79.3750,170281.84,0.057578,0.2020,
50568,301,-48.8782,87806.60,0.057033,0.1993,
50736,302,-78.1932,140110.78,0.045523,0.1967,
50904,303,-61.6339,108374.68,0.062095,0.1940,
51072,304,-49.8450,100137.80,0.062414,0.1914,
51240,305,-47.5853,94899.84,0.036993,0.1887,
51408,306,-45.7369,88541.83,0.063050,0.1860,
51576,307,-63.8180,108238.90,0.072216,0.1834,
51744,308,-49.0430,92653.63,0.036818,0.1807,
51912,309,-44.7858,93088.05,0.058004,0.1781,
52080,310,-50.4468,92893.93,0.045813,0.1754,
52248,311,-46.9905,98636.70,0.055179,0.1727,
52416,312,-74.3887,159383.44,0.071789,0.1701,
52584,313,-47.2360,88790.99,0.070924,0.1674,
52752,314,-45.1577,99945.88,0.056074,0.1648,
52920,315,-75.3010,157671.83,0.055398,0.1621,
53088,316,-45.1387,94823.81,0.075866,0.1594,
53256,317,-46.7718,86450.54,0.051831,0.1568,
53424,318,-48.7905,95316.79,0.053405,0.1541,
53592,319,-55.5981,114508.66,0.063365,0.1515,
53760,320,-48.6794,92563.57,0.048102,0.1488,
53928,321,-48.2303,91081.47,0.054895,0.1461,
54096,322,-70.0504,144153.21,0.069120,0.1435,
54264,323,-45.7714,95190.59,0.062150,0.1408,
54432,324,-81.4022,161261.93,0.056654,0.1382,
54600,325,-77.6102,168825.61,0.082712,0.1355,
54768,326,-48.2965,83745.08,0.049854,0.1328,
54936,327,-75.8973,151998.50,0.048134,0.1302,
55104,328,-43.8297,79534.65,0.067356,0.1275,
55272,329,-43.3458,83311.76,0.064553,0.1249,
55440,330,-74.9471,154965.46,0.070453,0.1222,
55608,331,-46.1174,90303.31,0.074279,0.1195,
55776,332,-47.6912,86961.95,0.046197,0.1169,
55944,333,-45.5968,86088.75,0.050527,0.1142,
56112,334,-45.1672,82742.01,0.065788,0.1116,
56280,335,-46.9117,102493.66,0.042118,0.1089,
56448,336,-47.1833,80089.55,0.052278,0.1062,
56616,337,-41.4898,77631.60,0.050487,0.1036,
56784,338,-50.5745,94585.12,0.039745,0.1009,
56952,339,-45.6091,89343.77,0.061945,0.0983,
57120,340,-40.7015,75954.27,0.053231,0.0956,
57288,341,-72.2433,140763.56,0.062635,0.0929,
57456,342,-40.5725,82507.69,0.070439,0.0903,
57624,343,-57.1512,101219.22,0.047000,0.0876,
57792,344,-75.0007,144370.29,0.062716,0.0850,
57960,345,-40.6581,85371.27,0.060901,0.0823,
58128,346,-43.2834,85834.89,0.045984,0.0796,
58296,347,-42.5000,93498.81,0.034809,0.0770,
58464,348,-56.6792,99662.79,0.065624,0.0743,
58632,349,-41.6711,86258.68,0.051226,0.0717,
58800,350,-55.2825,106467.22,0.060007,0.0690,
58968,351,-72.3257,144619.39,0.053063,0.0663,
59136,352,-43.8253,77495.35,0.081180,0.0637,
59304,353,-48.1658,99419.01,0.052538,0.0610,
59472,354,-41.8417,85911.81,0.056211,0.0584,
59640,355,-42.5377,87893.38,0.062307,0.0557,
59808,356,-50.0378,97094.67,0.083094,0.0530,
59976,357,-55.3640,114387.04,0.071497,0.0504,
60000,357,,,,,-52.8454
